millis(),ID,Length,Data0,Data1,Data2,Data3,Data4,Data5,Data6,Data7
20522,0x1E12FF10,0
20574,0x1610FF10,0
20625,0xAF87170,3,00,00,00
20678,0x12F85050,4,00,00,00,00
20731,0x12F85050,4,00,00,00,00
20784,0xEF81510,1,00
20836,0x12F83210,1,00
20888,0x12F83130,1,00
20941,0xAF87170,3,00,00,00
20993,0x12F85050,4,00,00,00,00
21046,0x12F85050,4,00,00,00,00
21099,0xEF81510,1,00
21151,0x12F83210,1,00
21203,0xAF87070,2,00,00
21256,0xAF87170,3,00,00,00
21308,0x12F85050,4,00,00,00,00
21361,0x12F85050,4,00,00,00,00
21414,0xEF81510,1,00
21466,0x12F83210,1,00
21519,0xAF87170,3,00,00,00
21571,0x1610FF50,0
21623,0x12F85050,4,00,00,00,00
21676,0x12F85050,4,00,00,00,00
21729,0x12F83210,1,00
21781,0x12F85150,2,40,00
21834,0xAF87170,3,00,00,00
21886,0x12F85050,4,00,00,00,00
21940,0x12F85050,4,00,00,00,00
21992,0xEF81510,1,00
22045,0x12F83210,1,00
22097,0x12F83130,1,00
22149,0xAF87170,3,00,00,00
22202,0x12F85050,4,00,00,00,00
22255,0x12F85050,4,00,00,00,00
22308,0xEF81510,1,00
22360,0x12F83210,1,00
22412,0xAF87170,3,00,00,00
22464,0x12F85050,4,00,00,00,00
22567,0x1610FF50,0
22619,0xEF81510,1,00
22671,0x12F81010,2,00,00
22724,0xAF81111,2,00,00
22776,0x12F85050,4,00,00,00,00
22879,0x12F85050,4,00,00,00,00
22932,0x12F83210,1,00
22984,0xEF81430,1,00
23037,0xAF81111,2,00,00
23089,0x12F85050,4,00,00,00,00
23142,0x12F85050,4,00,00,00,00
23195,0xEF81510,1,00
23247,0x12F83210,1,00
23299,0x12F83130,1,00
23351,0xAF81111,2,00,00
23404,0x12F85050,4,00,00,00,00
23457,0x12F85050,4,00,00,00,00
23510,0xEF81510,1,00
23562,0x12F83210,1,00
23614,0xAF87170,3,00,00,00
23667,0xAF81111,2,00,00
23719,0x12F85050,4,00,00,00,00
23772,0x12F85050,4,00,00,00,00
23825,0x12F83210,1,00
23877,0x12F85150,2,00,00
23930,0xAF81111,2,00,00
23982,0x12F85050,4,00,00,00,00
24085,0x12F85050,4,00,00,00,00
24138,0x12F83210,1,00
24190,0x12F85050,4,00,00,00,00
24243,0xAF81111,2,00,00
24296,0x12F85050,4,00,00,00,00
24349,0x12F85050,4,00,00,00,00
24402,0xEF81510,1,00
24454,0x12F83210,1,00
24506,0xAF87070,2,00,00
24558,0xAF81111,2,00,00
24611,0x12F85050,4,00,00,00,00
24664,0x12F85050,4,00,00,00,00
24717,0xEF81510,1,00
24769,0x12F81010,2,00,00
24821,0xAF87170,3,00,00,00
24874,0xAF81111,2,00,00
24926,0x12F85050,4,00,00,00,00
24979,0x12F85050,4,00,00,00,00
25032,0x12F83210,1,00
25084,0xEF81430,1,00
25136,0xAF87170,3,00,00,00
25189,0x12F85050,4,00,00,00,00
25242,0x12F85050,4,00,00,00,00
25295,0xEF81510,1,00
25347,0x12F83210,1,00
25399,0x12F85050,4,00,00,00,00
25452,0xAF81111,2,00,00
25505,0x12F85050,4,00,00,00,00
25558,0x12F85050,4,00,00,00,00
25611,0xEF81510,1,00
25663,0x12F83210,1,00
25715,0xAF87170,3,00,00,00
25768,0xAF81111,2,00,00
25820,0x12F85050,4,00,00,00,00
25873,0x12F85050,4,00,00,00,00
25926,0x12F83210,1,00
25978,0x12F81010,2,00,00
26031,0xAF87170,3,00,00,00
26083,0xAF81111,2,00,00
26136,0x12F85050,4,00,00,00,00
26189,0x12F85050,4,00,00,00,00
26242,0x12F83210,1,00
26294,0x12F85050,4,00,00,00,00
26347,0xAF87170,3,00,00,00
26400,0x12F85050,4,00,00,00,00
26453,0x12F85050,4,00,00,00,00
26505,0xEF81510,1,00
26558,0x12F83210,1,00
26610,0xAF87170,3,00,00,00
26662,0xAF81111,2,00,00
26715,0x12F85050,4,00,00,00,00
26768,0x12F85050,4,00,00,00,00
26821,0x12F83210,1,00
26873,0x12F81010,2,00,00
26925,0xAF87170,3,00,00,00
26978,0xAF81111,2,00,00
27030,0x12F85050,4,00,00,00,00
27083,0x12F85050,4,00,00,00,00
27136,0x12F83210,1,00
27189,0x12F83130,1,00
27241,0xAF87170,3,00,00,00
27293,0x12F85050,4,00,00,00,00
27346,0x12F85050,4,00,00,00,00
27399,0xEF81510,1,00
27451,0x12F83210,1,00
27504,0xAF87070,2,00,00
27556,0xAF87170,3,00,00,00
27609,0x1211FF10,0
43826,0x1E12FF50,0
43878,0x1E12FF50,0
43930,0xAF87170,3,00,00,00
43983,0x12F85050,4,00,00,00,00
44086,0x12F85050,4,00,00,00,00
44139,0xEF81510,1,00
44191,0x12F85150,2,40,00
44243,0xAF87170,3,00,00,00
44296,0x12F85050,4,00,00,00,00
44399,0x12F85050,4,00,00,00,00
44452,0x12F83210,1,00
44504,0xAF81111,2,00,00
44557,0xAF87170,3,00,00,00
44609,0x12F85050,4,00,00,00,00
44662,0x12F85050,4,00,00,00,00
44715,0xEF81510,1,00
44767,0x12F83210,1,00
44820,0xAF87070,2,00,00
44872,0xAF87170,3,00,00,00
44925,0x12F85050,4,00,00,00,00
44978,0x12F85050,4,00,00,00,00
45031,0xEF81510,1,00
45083,0x12F83210,1,00
45135,0xAF87170,3,00,00,00
45188,0x12F85050,4,00,00,00,00
45291,0x12F85050,4,00,00,00,00
45344,0x12F83010,1,00
45396,0x12F85150,2,40,00
45448,0xAF87170,3,00,00,00
45501,0x12F85050,4,00,00,00,00
45554,0x12F85050,4,00,00,00,00
45607,0xEF81510,1,00
45659,0x12F83210,1,00
45711,0xAF87070,2,00,00
45764,0xAF87170,3,00,00,00
45816,0x12F85050,4,00,00,00,00
45869,0x1610FF50,0
45921,0x12F85050,4,00,00,00,00
45974,0x12F83210,1,00
46026,0xAF81111,2,00,00
46079,0x12F85050,4,00,00,00,00
46182,0x12F85050,4,00,00,00,00
46235,0xEF81510,1,00
46287,0xAF81111,2,40,10
46339,0xAF87170,3,00,00,00
46392,0x12F85050,4,00,00,00,00
46495,0x12F85050,4,00,00,00,00
46548,0xAF81111,2,42,40
46600,0x12F85050,4,00,00,00,00
46653,0xAF87170,3,00,00,00
46706,0x12F85050,4,00,00,00,00
46759,0x12F85050,4,00,00,00,00
46812,0xAF87070,2,50,00
46864,0xAF81111,2,42,40
46917,0x12F83130,1,00
46969,0xAF87170,3,00,00,00
47021,0x1610FF70,0
47073,0x1610FF10,0
47125,0x12F85050,4,00,00,00,00
47178,0x12F83210,1,00
47230,0xAF87170,3,00,00,00
47283,0x1610FF11,0
47335,0x12F85050,4,00,00,00,00
47388,0x12F85050,4,00,00,00,00
47441,0x12F81010,2,00,00
47493,0x12F85150,2,40,00
47546,0xAF87170,3,00,00,00
47599,0xAF81111,2,00,00
47651,0x12F85050,4,00,00,00,00
47704,0x12F85050,4,00,00,00,00
47757,0x12F83210,1,00
47809,0x12F85050,4,00,00,00,00
47862,0x1610FF10,0
47914,0x12F85050,4,00,00,00,00
47967,0x12F85050,4,00,00,00,00
48020,0xEF81510,1,00
48072,0x12F83210,1,00
48124,0xAF87170,3,00,00,00
48177,0xAF81111,2,40,00
48229,0x12F85050,4,00,00,00,00
48282,0x12F85050,4,00,00,00,00
48335,0x12F81010,2,00,00
48388,0xAF81111,2,42,40
48440,0xAF87170,3,00,00,00
48493,0x12F85050,4,00,00,00,00
48596,0x12F85050,4,00,00,00,00
48649,0x12F83210,1,00
48701,0x12F83130,1,00
48753,0xAF87170,3,00,00,00
48806,0x12F85050,4,00,00,00,00
48859,0x1610FF11,0
48911,0x12F85050,4,00,00,00,00
48964,0xAF87070,2,50,00
49016,0x12F85050,4,00,00,00,00
49069,0xAF87170,3,00,00,00
49122,0x1610FF10,0
49174,0xAF81111,2,40,00
49226,0x12F85050,4,00,00,00,00
49279,0x12F83210,1,00
49331,0xAF87170,3,00,00,00
49384,0x12F85050,4,00,00,00,00
49437,0xAF81111,2,40,00
49489,0xAF81111,2,00,00
49542,0x12F83010,1,00
49594,0x12F85150,2,00,00
49646,0xAF87170,3,00,00,00
49699,0x12F85050,4,00,00,00,00
49752,0xAF81111,2,00,00
49804,0x12F85050,4,00,00,00,00
49857,0x1610FF10,0
49909,0x12F85050,4,00,00,00,00
49962,0xAF87170,3,00,00,00
50015,0x12F85050,4,00,00,00,00
50068,0x12F85050,4,00,00,00,00
50121,0xEF81510,1,00
50173,0xAF87070,2,40,00
50225,0xAF87170,3,00,00,00
50278,0x1610FF70,0
50330,0x12F85050,4,00,00,00,00
50383,0x12F85050,4,00,00,00,00
50436,0x12F81010,2,00,00
50488,0x12F83210,1,00
50541,0xAF87170,3,00,00,00
50593,0xAF87070,2,50,00
50646,0x12F85050,4,00,00,00,00
50699,0x12F85050,4,00,00,00,00
50752,0x12F83210,1,00
50804,0x12F85050,4,00,00,00,00
50857,0xAF87170,3,00,00,00
50909,0xAF81111,2,42,40
50962,0x1610FF70,0
51014,0x12F85050,4,00,00,00,00
51067,0x12F83210,1,00
51119,0x12F85050,4,00,00,00,00
51172,0xAF87170,3,00,00,00
51225,0x12F85050,4,00,00,00,00
51278,0x1610FF10,0
51329,0x12F81010,2,00,00
51382,0x12F83210,1,00
51434,0xAF87170,3,00,00,00
51487,0x12F85050,4,00,00,00,00
51540,0xAF87070,2,00,00
51592,0xAF81111,2,00,00
51644,0xAF87070,2,40,00
51697,0xEF81430,1,00
51749,0xAF87170,3,00,00,00
51802,0x12F85050,4,00,00,00,00
51855,0x1610FF50,0
51907,0x12F85050,4,00,00,00,00
51960,0xAF87070,2,40,00
52012,0x12F85050,4,00,00,00,00
52065,0xAF87170,3,00,00,00
52118,0x12F85050,4,00,00,00,00
52170,0x1610FF70,0
52222,0xAF81111,2,42,40
52275,0x12F83210,1,00
52327,0xAF87170,3,00,00,00
52380,0x12F85050,4,00,00,00,00
52483,0xAF87070,2,50,00
52535,0x12F83010,1,00
52587,0x12F83210,1,00
52639,0xAF87170,3,00,00,00
52692,0x1610FF11,0
52744,0x12F85050,4,00,00,00,00
52797,0xAF81111,2,40,00
52849,0x12F83210,1,00
52902,0x1610FF50,0
52953,0xAF87170,3,00,00,00
53006,0x12F85050,4,00,00,00,00
53059,0xAF87070,2,40,00
53111,0x1610FF70,0
53163,0x1610FF10,0
53215,0x12F85050,4,00,00,00,00
53268,0xAF87170,3,00,00,00
53321,0x12F85050,4,00,00,00,00
53374,0x12F85050,4,00,00,00,00
53427,0x12F81010,2,00,00
53479,0x1610FF10,0
53531,0xAF87170,3,00,00,00
53584,0x12F85050,4,00,00,00,00
53687,0x12F85050,4,00,00,00,00
53740,0x12F83210,1,00
53792,0xAF87070,2,50,00
53845,0xAF87170,3,00,00,00
53897,0x1610FF50,0
53949,0x12F85050,4,00,00,00,00
54002,0x12F85050,4,00,00,00,00
54055,0x12F83210,1,00
54107,0x12F85050,4,00,00,00,00
54160,0xAF87170,3,00,00,00
54213,0x12F85050,4,00,00,00,00
54266,0xAF81111,2,40,00
54318,0x12F85050,4,00,00,00,00
54371,0x12F83210,1,00
54423,0xAF87170,3,00,00,00
54476,0x1610FF11,0
54528,0xAF87070,2,40,00
54580,0xAF81111,2,40,40
54633,0x12F83010,1,00
54685,0x12F83210,1,00
54737,0xAF87170,3,00,00,00
54790,0x1610FF10,0
54842,0x12F85050,4,00,00,00,00
54895,0x1610FF50,0
54947,0x12F83210,1,00
54999,0x12F85150,2,40,00
55051,0xAF87170,3,00,00,00
55104,0xAF87070,2,00,00
55156,0x12F85050,4,00,00,00,00
55209,0x12F85050,4,00,00,00,00
55262,0x12F83210,1,00
55314,0x12F85050,4,00,00,00,00
55367,0xAF87170,3,00,00,00
55420,0x12F85050,4,00,00,00,00
55473,0xAF87070,2,40,00
55525,0x12F81010,2,00,00
55578,0xAF81111,2,42,40
55630,0xAF87170,3,00,00,00
55683,0x12F85050,4,00,00,00,00
55786,0x12F85050,4,00,00,00,00
55839,0x12F83210,1,00
55891,0xAF81111,2,42,40
55944,0xAF87170,3,00,00,00
55996,0x12F85050,4,00,00,00,00
56099,0x12F85050,4,00,00,00,00
56152,0xAF87070,2,50,00
56205,0x12F85150,2,00,00
56257,0xAF87170,3,00,00,00
56310,0x12F85050,4,00,00,00,00
56363,0x12F85050,4,00,00,00,00
56416,0xEF81510,1,00
56468,0xAF81111,2,42,40
56520,0x12F85050,4,00,00,00,00
56573,0xAF87170,3,00,00,00
56626,0xAF87070,2,40,00
56678,0xAF81111,2,40,40
56730,0x12F83010,1,00
56783,0x12F83210,1,00
56835,0xAF87170,3,00,00,00
56888,0x1610FF50,0
56939,0xAF87070,2,40,00
56992,0xAF81111,2,40,00
57044,0x12F83210,1,00
57096,0xEF81430,1,00
57148,0xAF81111,2,00,00
57201,0x12F85050,4,00,00,00,00
57304,0x12F85050,4,00,00,00,00
57357,0x12F83210,1,00
57409,0x12F85050,4,00,00,00,00
57462,0xAF81111,2,00,00
57514,0x12F85050,4,00,00,00,00
57567,0x12F85050,4,00,00,00,00
57620,0xEF81510,1,00
57673,0x12F83210,1,00
57725,0xAF87070,2,00,00
57777,0xAF81111,2,00,00
57830,0x12F85050,4,00,00,00,00
57882,0x1610FF50,0
57934,0x12F83210,1,00
57987,0xEF81430,1,00
58039,0xAF87170,3,00,00,00
58091,0xAF81111,2,00,00
58144,0x12F85050,4,00,00,00,00
58197,0x12F85050,4,00,00,00,00
58250,0x12F83210,1,00
58302,0x12F85150,2,00,00
58354,0xAF87170,3,00,00,00
58407,0x12F85050,4,00,00,00,00
58510,0x12F85050,4,00,00,00,00
58563,0x12F83210,1,00
58615,0xAF81111,2,40,00
58668,0xAF87170,3,00,00,00
58720,0x12F85050,4,00,00,00,00
58773,0x12F85050,4,00,00,00,00
58826,0x12F81010,2,00,00
58879,0x1610FF10,0
58931,0xAF87170,3,00,00,00
58983,0x12F85050,4,00,00,00,00
59086,0x12F85050,4,00,00,00,00
59139,0x12F83210,1,00
59192,0xAF81111,2,42,40
59244,0xAF87170,3,00,00,00
59296,0x1610FF11,0
59348,0x12F85050,4,00,00,00,00
59401,0x12F85050,4,00,00,00,00
59454,0x12F83210,1,00
59507,0x12F83130,1,00
59559,0xAF87170,3,00,00,00
59611,0x12F85050,4,00,00,00,00
59664,0x12F85050,4,00,00,00,00
59717,0xEF81510,1,00
59770,0x12F83210,1,00
59822,0x12F85050,4,00,00,00,00
59875,0xAF87170,3,00,00,00
59927,0x12F85050,4,00,00,00,00
59980,0x12F85050,4,00,00,00,00
60033,0x12F83210,1,00
60086,0xAF87070,2,50,00
60138,0xAF87170,3,00,00,00
60191,0x12F85050,4,00,00,00,00
60294,0x12F85050,4,00,00,00,00
60347,0x12F83210,1,00
60399,0xEF81430,1,00
60451,0xAF87170,3,00,00,00
60504,0x12F85050,4,00,00,00,00
60607,0x12F85050,4,00,00,00,00
60660,0x12F83210,1,00
60712,0x12F85050,4,00,00,00,00
60765,0xAF87170,3,00,00,00
60817,0x12F85050,4,00,00,00,00
60870,0x1610FF50,0
60922,0x12F81010,2,00,00
60975,0xAF87070,2,50,00
61027,0xAF81111,2,42,40
61080,0xAF87170,3,00,00,00
61132,0x12F85050,4,00,00,00,00
61185,0x12F85050,4,00,00,00,00
61238,0x12F83210,1,00
61290,0xAF87070,2,50,00
61343,0xAF87170,3,00,00,00
61395,0x12F85050,4,00,00,00,00
61498,0x12F85050,4,00,00,00,00
61551,0x12F83210,1,00
61604,0x12F85150,2,00,00
61656,0xAF87170,3,00,00,00
61709,0x12F85050,4,00,00,00,00
61812,0xEF81510,1,00
61864,0x12F83210,1,00
61916,0x12F85050,4,00,00,00,00
61969,0xAF81111,2,42,40
62022,0x12F85050,4,00,00,00,00
62074,0xEF81510,1,00
62127,0x12F83210,1,00
62179,0xEF81430,1,00
62231,0xAF87170,3,00,00,00
62283,0xAF87070,2,40,00
62336,0x1610FF11,0
62388,0xAF81111,2,00,00
62440,0x12F83210,1,00
62492,0xEF81430,1,00
62544,0xAF87170,3,00,00,00
62597,0x12F85050,4,00,00,00,00
62650,0xAF87070,2,00,00
62702,0xAF81111,2,00,00
62755,0x12F83210,1,00
62807,0x12F83130,1,00
62859,0xAF87170,3,00,00,00
62912,0x1610FF50,0
62964,0x12F85050,4,00,00,00,00
63017,0x12F85050,4,00,00,00,00
63070,0x12F83210,1,00
63122,0x12F85050,4,00,00,00,00
63175,0xAF87070,2,40,00
63227,0x12F85050,4,00,00,00,00
63280,0xEF81510,1,00
63332,0x12F83210,1,00
63385,0xAF81111,2,42,40
63437,0xAF87170,3,00,00,00
63490,0x12F85050,4,00,00,00,00
63593,0xEF81510,1,00
63645,0x12F83210,1,00
63697,0xEF81430,1,00
63749,0xAF87170,3,00,00,00
63802,0x12F85050,4,00,00,00,00
63855,0x1610FF11,0
63906,0x1610FF50,0
63958,0x12F83210,1,00
64011,0x12F85150,2,00,00
64063,0xAF87170,3,00,00,00
64116,0x12F85050,4,00,00,00,00
64169,0xEF81510,1,00
64221,0x12F83210,1,00
64273,0xAF87070,2,50,00
64325,0x12F85050,4,00,00,00,00
64378,0xAF87170,3,00,00,00
64431,0x12F85050,4,00,00,00,00
64484,0xEF81510,1,00
64536,0x12F83210,1,00
64588,0xAF87070,2,50,00
64641,0xAF87170,3,00,00,00
64693,0x12F85050,4,00,00,00,00
64796,0xEF81510,1,00
64848,0x12F83210,1,00
64901,0x1610FF11,0
64953,0xAF87170,3,00,00,00
65005,0x12F85050,4,00,00,00,00
65058,0xAF81111,2,40,20
65111,0x12F81010,2,00,00
65163,0x12F83210,1,00
65215,0x12F85050,4,00,00,00,00
65268,0xAF87170,3,00,00,00
65321,0x12F85050,4,00,00,00,00
65374,0xAF81111,2,40,40
65426,0x12F83210,1,00
65478,0xEF81430,1,00
65530,0xAF87170,3,00,00,00
65583,0x12F85050,4,00,00,00,00
65636,0xAF87070,2,40,00
65688,0xAF81111,2,40,00
65741,0x12F83210,1,00
65793,0xEF81430,1,00
65845,0xAF87170,3,00,00,00
65898,0x1610FF11,0
65950,0xAF87070,2,40,00
66002,0xAF81111,2,40,40
66054,0x12F83210,1,00
66107,0x12F85150,2,40,00
66159,0xAF87170,3,00,00,00
66212,0x12F85050,4,00,00,00,00
66265,0xAF87070,2,40,00
66317,0x12F83010,1,00
66369,0x12F83210,1,00
66421,0x12F85050,4,00,00,00,00
66474,0xAF87170,3,00,00,00
66527,0x12F85050,4,00,00,00,00
66580,0xAF81111,2,40,40
66632,0x12F83210,1,00
66685,0xEF81430,1,00
66737,0xAF87170,3,00,00,00
66789,0x12F85050,4,00,00,00,00
66842,0xAF87070,2,40,00
66895,0xAF81111,2,00,00
66947,0x12F83210,1,00
66999,0xEF81430,1,00
67051,0xAF87170,3,00,00,00
67104,0x12F85050,4,00,00,00,00
67157,0xAF87070,2,00,00
67209,0x12F81010,2,00,00
67262,0x12F83210,1,00
67314,0x12F85150,2,40,00
67366,0x1610FF10,0
67418,0x12F85050,4,00,00,00,00
67471,0xEF81510,1,00
67524,0x12F85050,4,00,00,00,00
67576,0xEF81430,1,00
67629,0x12F85050,4,00,00,00,00
67682,0xAF81111,2,40,00
67734,0x12F85050,4,00,00,00,00
67787,0xEF81510,1,00
67839,0x12F85050,4,00,00,00,00
67892,0xEF81430,1,00
67944,0xAF87170,3,00,00,00
67997,0xAF81111,2,40,10
68049,0x12F85050,4,00,00,00,00
68102,0x1610FF70,0
68154,0xAF81111,2,42,40
68206,0x12F83130,1,00
68259,0xAF87170,3,00,00,00
68311,0x12F85050,4,00,00,00,00
68364,0x1610FF11,0
68416,0x12F83210,1,00
68468,0xAF81111,2,42,40
68521,0x12F85050,4,00,00,00,00
68574,0xAF87170,3,00,00,00
68626,0x12F85050,4,00,00,00,00
68679,0x1610FF70,0
68731,0x12F85050,4,00,00,00,00
68784,0xEF81430,1,00
68837,0x12F85050,4,00,00,00,00
68889,0xAF87170,3,00,00,00
68942,0x12F85050,4,00,00,00,00
68995,0xAF87070,2,40,00
69048,0x12F85050,4,00,00,00,00
69101,0xEF81430,1,00
69153,0xAF87170,3,00,00,00
69205,0x12F85050,4,00,00,00,00
69258,0xAF87070,2,40,00
69311,0xAF81111,2,40,20
69363,0x1610FF11,0
69415,0x12F85150,2,40,00
69467,0xAF87170,3,00,00,00
69520,0x12F85050,4,00,00,00,00
69573,0x1610FF70,0
69625,0x12F85050,4,00,00,00,00
69678,0xEF81430,1,00
69730,0x12F85050,4,00,00,00,00
69783,0xAF87170,3,00,00,00
69836,0x12F85050,4,00,00,00,00
69889,0xAF87070,2,00,00
69941,0x12F85050,4,00,00,00,00
69994,0xEF81430,1,00
70046,0xAF87170,3,00,00,00
70099,0x12F85050,4,00,00,00,00
70152,0xAF87070,2,00,00
70204,0x12F81010,2,00,00
70257,0x12F85050,4,00,00,00,00
70310,0x12F85150,2,40,00
70362,0xAF87170,3,00,00,00
70415,0xAF81111,2,40,00
70467,0x12F85050,4,00,00,00,00
70520,0x12F85050,4,00,00,00,00
70573,0xEF81430,1,00
70625,0x12F85050,4,00,00,00,00
70678,0xAF87070,2,40,00
70731,0x12F85050,4,00,00,00,00
70784,0xEF81510,1,00
70836,0x12F85050,4,00,00,00,00
70889,0xEF81430,1,00
70941,0xAF87170,3,00,00,00
70993,0xAF87070,2,40,00
71046,0x12F85050,4,00,00,00,00
71099,0xEF81510,1,00
71151,0x12F85050,4,00,00,00,00
71204,0x12F83130,1,00
71256,0xAF87170,3,00,00,00
71309,0x12F85050,4,00,00,00,00
71362,0x1610FF11,0
71414,0x12F83210,1,00
71466,0xAF87070,2,50,00
71518,0x12F85150,2,40,00
71571,0xAF87170,3,00,00,00
71623,0x12F85050,4,00,00,00,00
71676,0xEF81510,1,00
71728,0x12F85050,4,00,00,00,00
71781,0xAF87070,2,50,00
71834,0x12F85050,4,00,00,00,00
71887,0xAF87170,3,00,00,00
71939,0x1610FF10,0
71991,0x1610FF10,0
72043,0x12F85050,4,00,00,00,00
72096,0xEF81430,1,00
72148,0xAF87170,3,00,00,00
72201,0x12F85050,4,00,00,00,00
72254,0xAF87070,2,40,00
72306,0x12F81010,2,00,00
72359,0x12F85050,4,00,00,00,00
72412,0x12F85150,2,40,00
72464,0xAF87170,3,00,00,00
72517,0x12F85050,4,00,00,00,00
72570,0xAF81111,2,40,40
72622,0x12F85050,4,00,00,00,00
72675,0x1610FF10,0
72727,0x12F85050,4,00,00,00,00
72780,0xAF87170,3,00,00,00
72833,0x12F85050,4,00,00,00,00
72886,0xEF81510,1,00
72938,0x12F85050,4,00,00,00,00
72991,0xAF81111,2,00,00
73043,0xAF87170,3,00,00,00
73096,0x12F85050,4,00,00,00,00
73149,0xEF81510,1,00
73201,0x12F81010,2,00,00
73254,0x12F85050,4,00,00,00,00
73307,0x12F83130,1,00
73359,0x1610FF10,0
73411,0x12F85050,4,00,00,00,00
73464,0xEF81510,1,00
73516,0x12F83210,1,00
73568,0x12F85050,4,00,00,00,00
73621,0x12F85150,2,40,00
73673,0xAF81111,2,40,00
73726,0x12F85050,4,00,00,00,00
73779,0xEF81510,1,00
73831,0x12F85050,4,00,00,00,00
73884,0xEF81430,1,00
73936,0xAF87070,2,40,00
73988,0xAF81111,2,40,40
74041,0x12F85050,4,00,00,00,00
74094,0xEF81510,1,00
74146,0x12F85050,4,00,00,00,00
74199,0xEF81430,1,00
74251,0xAF81111,2,42,40
74303,0x12F85050,4,00,00,00,00
74356,0x1610FF11,0
74408,0x12F83210,1,00
74460,0x12F85050,4,00,00,00,00
74513,0x12F85150,2,40,00
74566,0xAF81111,2,42,40
74618,0x12F85050,4,00,00,00,00
74671,0xEF81510,1,00
74723,0x12F85050,4,00,00,00,00
74776,0xEF81430,1,00
74829,0xAF87070,2,50,00
74881,0xAF81111,2,42,40
74933,0x12F85050,4,00,00,00,00
74986,0xEF81510,1,00
75038,0x12F85050,4,00,00,00,00
75091,0xEF81430,1,00
75143,0xAF87170,3,00,00,00
75196,0xAF87070,2,40,00
75248,0xAF81111,2,40,00
75301,0x12F81010,2,00,00
75353,0x12F85050,4,00,00,00,00
75406,0x12F83130,1,00
75459,0xAF87170,3,00,00,00
75511,0xAF87070,2,40,00
75563,0xAF81111,2,40,00
75616,0x12F83210,1,00
75668,0x12F85050,4,00,00,00,00
75721,0x12F85150,2,00,00
75774,0xAF87170,3,00,00,00
75826,0x12F85050,4,00,00,00,00
75879,0xAF87070,2,00,00
75932,0x12F85050,4,00,00,00,00
75985,0xEF81430,1,00
76037,0x12F85050,4,00,00,00,00
76090,0xAF87170,3,00,00,00
76142,0x12F85050,4,00,00,00,00
76195,0x12F81010,2,00,00
76248,0x12F85050,4,00,00,00,00
76301,0xEF81430,1,00
76353,0xAF87170,3,00,00,00
76406,0x12F85050,4,00,00,00,00
76458,0xEF81510,1,00
76511,0x12F83210,1,00
76563,0x12F85050,4,00,00,00,00
76616,0x12F85150,2,40,00
76668,0xAF87170,3,00,00,00
76721,0x12F85050,4,00,00,00,00
76774,0xEF81510,1,00
76826,0x12F85050,4,00,00,00,00
76879,0xAF87070,2,40,00
76931,0x12F85050,4,00,00,00,00
76984,0xAF87170,3,00,00,00
77037,0x12F85050,4,00,00,00,00
77090,0xEF81510,1,00
77142,0x12F85050,4,00,00,00,00
77195,0xEF81430,1,00
77247,0xAF87170,3,00,00,00
77300,0xAF87070,2,50,00
77352,0x12F85050,4,00,00,00,00
77405,0x12F83210,1,00
77457,0x12F85050,4,00,00,00,00
77510,0x12F83130,1,00
77563,0xAF87170,3,00,00,00
77615,0xAF87070,2,50,00
77668,0x12F85050,4,00,00,00,00
77721,0x12F83210,1,00
77773,0xAF81111,2,40,40
77825,0x12F85050,4,00,00,00,00
77878,0xAF87170,3,00,00,00
77931,0x12F85050,4,00,00,00,00
77984,0xEF81510,1,00
78036,0xAF87070,2,40,00
78088,0xAF81111,2,40,00
78141,0x12F85050,4,00,00,00,00
78194,0xAF87170,3,00,00,00
78246,0x12F85050,4,00,00,00,00
78299,0x12F83010,1,00
78352,0xAF87070,2,40,00
78404,0x12F83130,1,00
78456,0xAF87170,3,00,00,00
78509,0x12F85050,4,00,00,00,00
78562,0xEF81510,1,00
78614,0x12F83210,1,00
78666,0x12F85050,4,00,00,00,00
78719,0x12F85150,2,40,00
78772,0xAF87170,3,00,00,00
78824,0x12F85050,4,00,00,00,00
78877,0xEF81510,1,00
78929,0x12F85050,4,00,00,00,00
78982,0xAF87070,2,00,00
79035,0x12F85050,4,00,00,00,00
79088,0xAF87070,2,40,00
79140,0x12F85050,4,00,00,00,00
79193,0x12F81010,2,00,00
79246,0x12F85050,4,00,00,00,00
79298,0xEF81430,1,00
79351,0xAF87170,3,00,00,00
79403,0xAF87070,2,40,00
79456,0x12F85050,4,00,00,00,00
79509,0x12F83210,1,00
79561,0x12F85050,4,00,00,00,00
79614,0x12F83130,1,00
79666,0xAF87170,3,00,00,00
79719,0xAF81111,2,40,00
79771,0x1610FF10,0
79823,0x12F83210,1,00
79875,0x12F85050,4,00,00,00,00
79928,0x12F85050,4,00,00,00,00
79981,0xAF87170,3,00,00,00
80034,0x12F85050,4,00,00,00,00
80087,0xEF81510,1,00
80139,0x12F85050,4,00,00,00,00
80192,0xEF81430,1,00
80244,0xAF87170,3,00,00,00
80297,0x12F85050,4,00,00,00,00
80350,0xAF87070,2,50,00
80402,0x12F83210,1,00
80454,0xAF81111,2,40,40
80506,0x12F83130,1,00
80559,0xAF87170,3,00,00,00
80611,0x12F85050,4,00,00,00,00
80664,0xEF81510,1,00
80716,0x12F83210,1,00
80769,0xAF81111,2,40,00
80821,0x12F85150,2,40,00
80873,0xAF87170,3,00,00,00
80926,0x1610FF50,0
80978,0x12F85050,4,00,00,00,00
81031,0x12F85050,4,00,00,00,00
81084,0xAF81111,2,40,08
81136,0x12F85050,4,00,00,00,00
81189,0xAF81111,2,00,00
81242,0x12F85050,4,00,00,00,00
81295,0x12F81010,2,00,00
81347,0x12F85050,4,00,00,00,00
81400,0xEF81430,1,00
81452,0xAF87170,3,00,00,00
81505,0xAF81111,2,00,00
81557,0x12F85050,4,00,00,00,00
81610,0x12F83210,1,00
81663,0x12F85050,4,00,00,00,00
81716,0x12F83130,1,08
81768,0xAF87070,2,00,00
81820,0xAF81111,2,00,00
81872,0x1610FF10,0
81924,0x1610FF50,0
81976,0x12F85050,4,00,00,00,00
82029,0x12F85050,4,00,00,00,00
82082,0xAF87170,3,00,00,00
82135,0x12F85050,4,00,00,00,00
82188,0xAF81111,2,40,00
82240,0x12F85050,4,00,00,00,00
82293,0xEF81430,1,00
82345,0xAF87170,3,00,00,00
82398,0x12F85050,4,00,00,00,00
82451,0xAF87070,2,40,00
82503,0x12F83210,1,00
82556,0x1610FF70,0
82608,0x12F83130,1,00
82660,0xAF87170,3,00,00,00
82712,0x12F85050,4,00,00,00,00
82765,0xEF81510,1,00
82817,0x12F83210,1,00
82870,0xAF87070,2,50,00
82922,0x1610FF50,0
82974,0xAF87170,3,00,00,00
83027,0x12F85050,4,00,00,00,00
83080,0xEF81510,1,00
83132,0x12F85050,4,00,00,00,00
83185,0xAF81111,2,42,40
83237,0x12F85050,4,00,00,00,00
83290,0x1610FF10,0
83342,0x12F85050,4,00,00,00,00
83395,0x12F83210,1,00
83447,0x12F85050,4,00,00,00,00
83500,0xEF81430,1,00
83552,0xAF87170,3,00,00,00
83605,0xAF81111,2,40,00
83657,0x12F85050,4,00,00,00,00
83710,0x12F83210,1,00
83763,0x12F85050,4,00,00,00,00
83815,0x12F83130,1,00
83868,0xAF87170,3,00,00,00
83920,0x1610FF50,0
83972,0x1610FF10,0
84024,0x12F83210,1,00
84076,0x12F85050,4,00,00,00,00
84129,0x12F85150,2,00,00
84182,0xAF87170,3,00,00,00
84234,0x12F85050,4,00,00,00,00
84287,0x12F81010,2,00,00
84340,0x12F85050,4,00,00,00,00
84393,0xEF81430,1,00
84445,0xAF87170,3,00,00,00
84498,0x12F85050,4,00,00,00,00
84551,0xAF87070,2,00,00
84603,0x12F83210,1,00
84655,0x1610FF10,0
84707,0x12F83130,1,00
84759,0xAF87170,3,00,00,00
84812,0x12F85050,4,00,00,00,00
84865,0xEF81510,1,00
84917,0x12F83210,1,00
84969,0xAF87070,2,40,00
85022,0x12F85150,2,40,00
85074,0xAF87170,3,00,00,00
85127,0x12F85050,4,00,00,00,00
85180,0xEF81510,1,00
85232,0x12F85050,4,00,00,00,00
85285,0xAF81111,2,40,00
85337,0x12F85050,4,00,00,00,00
85390,0xAF87170,3,00,00,00
85443,0x12F85050,4,00,00,00,00
85496,0x12F83210,1,00
85548,0x12F85050,4,00,00,00,00
85601,0x12F83130,1,00
85653,0xAF87170,3,00,00,00
85706,0xAF87070,2,50,00
85758,0x12F85050,4,00,00,00,00
85811,0x12F83210,1,00
85863,0x12F85050,4,00,00,00,00
85916,0x12F83130,1,00
85969,0xAF87170,3,00,00,00
86021,0xAF87070,2,50,00
86074,0x12F85050,4,00,00,00,00
86127,0x12F83210,1,00
86179,0xAF81111,2,40,08
86231,0x12F85050,4,00,00,00,00
86284,0xAF87170,3,00,00,00
86337,0x12F85050,4,00,00,00,00
86390,0x12F83010,1,00
86442,0x12F85050,4,00,00,00,00
86495,0xEF81430,1,00
86547,0xAF87170,3,00,00,00
86600,0x12F85050,4,00,00,00,00
86653,0x1610FF11,0
86705,0x12F83210,1,00
86757,0xAF87070,2,40,00
86809,0x12F83130,1,00
86861,0xAF87170,3,00,00,00
86914,0xAF81111,2,00,00
86966,0x12F85050,4,00,00,00,00
87019,0x12F83210,1,00
87072,0x12F85050,4,00,00,00,00
87125,0x12F85150,2,40,00
87177,0xAF87170,3,00,00,00
87230,0xAF81111,2,00,00
87282,0x12F81010,2,00,00
87335,0x12F85050,4,00,00,00,00
87388,0xEF81430,1,00
87440,0x12F85050,4,00,00,00,00
87493,0xAF87070,2,00,00
87545,0x12F85050,4,00,00,00,00
87598,0x12F83210,1,00
87650,0x12F85050,4,00,00,00,00
87703,0x12F83130,1,00
87755,0xAF87170,3,00,00,00
87808,0x12F85050,4,00,00,00,00
87861,0xAF87070,2,40,00
87913,0x12F83210,1,00
87966,0x12F85050,4,00,00,00,00
88019,0x12F83130,1,00
88071,0xAF87170,3,00,00,00
88124,0x12F85050,4,00,00,00,00
88177,0xEF81510,1,00
88229,0x12F83210,1,00
88281,0x12F85050,4,00,00,00,00
88334,0x12F85050,4,00,00,00,00
88387,0xAF87170,3,00,00,00
88439,0x12F85050,4,00,00,00,00
88492,0x12F83210,1,00
88545,0x12F85050,4,00,00,00,00
88598,0xEF81430,1,00
88650,0xAF87170,3,00,00,00
88702,0x12F85050,4,00,00,00,00
88755,0xEF81510,1,00
88807,0x12F83210,1,00
88860,0x12F85050,4,00,00,00,00
88913,0xAF87070,2,50,00
88965,0xAF87170,3,00,00,00
89018,0x1610FF10,0
89070,0x12F85050,4,00,00,00,00
89123,0x12F83210,1,00
89175,0x12F85050,4,00,00,00,00
89228,0x12F85150,2,40,00
89280,0xAF87170,3,00,00,00
89333,0xAF81111,2,40,40
89385,0x12F83210,1,00
89437,0x12F85050,4,00,00,00,00
89490,0xEF81430,1,00
89543,0x12F85050,4,00,00,00,00
89596,0x1610FF11,0
89647,0x12F85050,4,00,00,00,00
89700,0x12F83210,1,00
89753,0x1610FF10,0
89805,0x12F83130,1,00
89857,0xAF87170,3,00,00,00
89909,0x1610FF50,0
89961,0x12F85050,4,00,00,00,00
90014,0x12F83210,1,00
90066,0xAF81111,2,00,00
90119,0x12F83130,1,00
90171,0xAF87170,3,00,00,00
90224,0x12F85050,4,00,00,00,00
90277,0x12F81010,2,00,00
90329,0xAF87070,2,00,00
90381,0x1610FF10,0
90433,0x12F85150,2,40,00
90486,0xAF87170,3,00,00,00
90539,0x12F85050,4,00,00,00,00
90592,0x12F83210,1,00
90644,0x12F85050,4,00,00,00,00
90697,0xAF81111,2,40,00
90749,0xAF87170,3,00,00,00
90802,0x12F85050,4,00,00,00,00
90855,0xEF81510,1,00
90907,0x12F83210,1,00
90959,0x12F85050,4,00,00,00,00
91012,0x12F83130,1,00
91064,0xAF87170,3,00,00,00
91117,0x12F85050,4,00,00,00,00
91170,0xEF81510,1,00
91222,0x12F83210,1,00
91274,0xAF87070,2,40,00
91327,0x12F85150,2,40,00
91379,0xAF87170,3,00,00,00
91432,0x1610FF11,0
91484,0x12F83210,1,00
91536,0x12F85050,4,00,00,00,00
91589,0xEF81430,1,00
91641,0xAF81111,2,42,40
91693,0xAF87170,3,00,00,00
91746,0x12F85050,4,00,00,00,00
91799,0x12F83210,1,00
91851,0x12F85050,4,00,00,00,00
91904,0x12F83130,1,00
91956,0xAF81111,2,42,40
92009,0x1610FF70,0
92061,0xAF81111,2,40,00
92113,0x12F83210,1,00
92165,0x12F85050,4,00,00,00,00
92218,0x12F83130,1,00
92270,0xAF87170,3,00,00,00
92323,0x12F85050,4,00,00,00,00
92376,0x12F81010,2,00,00
92428,0x1610FF11,0
92480,0x12F85050,4,00,00,00,00
92533,0x12F85150,2,00,00
92586,0xAF87170,3,00,00,00
92638,0x12F85050,4,00,00,00,00
92691,0x12F83210,1,00
92744,0x1610FF10,0
92796,0xEF81430,1,00
92848,0xAF87170,3,00,00,00
92900,0x1610FF50,0
92952,0x12F85050,4,00,00,00,00
93005,0x12F83210,1,00
93057,0xAF87070,2,00,00
93110,0x12F83130,1,00
93162,0xAF87170,3,00,00,00
93215,0x12F85050,4,00,00,00,00
93268,0xEF81510,1,00
93320,0x12F83210,1,00
93372,0xAF81111,2,00,00
93424,0x12F83130,1,00
93476,0xAF81111,2,40,00
93529,0x12F85050,4,00,00,00,00
93582,0x12F83210,1,00
93634,0x12F85050,4,00,00,00,00
93687,0xEF81430,1,00
93739,0x12F85050,4,00,00,00,00
93792,0xAF81111,2,40,00
93845,0x12F85050,4,00,00,00,00
93897,0x12F83210,1,00
93950,0x12F85050,4,00,00,00,00
94003,0x12F83130,1,00
94055,0xAF87170,3,00,00,00
94108,0xAF81111,2,40,00
94160,0x12F85050,4,00,00,00,00
94213,0x12F83210,1,00
94265,0x1610FF10,0
94317,0x12F83130,1,00
94369,0xAF87170,3,00,00,00
94422,0x12F85050,4,00,00,00,00
94475,0x12F81010,2,00,00
94527,0x12F83210,1,00
94579,0xAF81111,2,42,40
94632,0x12F85150,2,00,00
94684,0xAF87170,3,00,00,00
94737,0x12F85050,4,00,00,00,00
94790,0x12F83210,1,00
94842,0x12F85050,4,00,00,00,00
94895,0xEF81430,1,00
94947,0xAF87170,3,00,00,00
95000,0xAF87070,2,40,00
95052,0x12F85050,4,00,00,00,00
95105,0x12F83210,1,00
95157,0x12F85050,4,00,00,00,00
95210,0x12F83130,1,00
95263,0xAF87170,3,00,00,00
95315,0xAF87070,2,40,00
95368,0x12F81010,2,00,00
95420,0x12F83210,1,00
95472,0x1610FF11,0
95524,0x12F83130,1,00
95576,0xAF87170,3,00,00,00
95629,0xAF81111,2,40,00
95681,0x12F83210,1,00
95734,0x12F85050,4,00,00,00,00
95787,0xEF81430,1,00
95839,0x12F85050,4,00,00,00,00
95892,0xAF87170,3,00,00,00
95944,0x12F85050,4,00,00,00,00
95997,0x12F83210,1,00
96050,0x12F85050,4,00,00,00,00
96103,0xAF87070,2,00,00
96155,0xAF87170,3,00,00,00
96208,0x12F85050,4,00,00,00,00
96261,0xEF81510,1,00
96313,0x12F83210,1,00
96365,0x12F85050,4,00,00,00,00
96418,0xAF87070,2,00,00
96470,0x1610FF10,0
96522,0x1610FF10,0
96574,0x12F83010,1,00
96626,0x12F83210,1,00
96678,0x12F85050,4,00,00,00,00
96731,0x12F85150,2,40,00
96784,0xAF81111,2,40,00
96836,0x12F85050,4,00,00,00,00
96889,0x12F83210,1,00
96941,0x12F85050,4,00,00,00,00
96994,0xEF81430,1,00
97047,0xAF87170,3,00,00,00
97099,0xAF81111,2,40,10
97152,0x12F85050,4,00,00,00,00
97205,0x12F83210,1,00
97257,0x12F85050,4,00,00,00,00
97310,0x12F83130,1,00
97362,0xAF87070,2,40,00
97414,0xAF81111,2,40,20
97467,0x12F81010,2,00,00
97519,0x1610FF11,0
97571,0x12F85050,4,00,00,00,00
97624,0x12F83130,1,00
97676,0xAF87170,3,00,00,00
97729,0xAF87070,2,50,00
97781,0x12F83210,1,00
97834,0x12F85050,4,00,00,00,00
97886,0xEF81430,1,00
97939,0x1610FF50,0
97990,0xAF87170,3,00,00,00
98043,0x12F85050,4,00,00,00,00
98096,0x12F83210,1,00
98148,0x12F85050,4,00,00,00,00
98201,0x12F83130,1,00
98254,0xAF87170,3,00,00,00
98306,0x12F85050,4,00,00,00,00
98359,0xEF81510,1,00
98411,0x12F83210,1,00
98463,0x12F85050,4,00,00,00,00
98516,0xAF81111,2,40,20
98569,0xAF87170,3,00,00,00
98622,0x12F85050,4,00,00,00,00
98674,0x12F83210,1,00
98727,0x12F85050,4,00,00,00,00
98780,0xEF81430,1,00
98832,0x12F85150,2,40,00
98884,0xAF87170,3,00,00,00
98937,0x1610FF50,0
98989,0x12F83210,1,00
99041,0x12F85050,4,00,00,00,00
99094,0xEF81430,1,00
99146,0xAF87170,3,00,00,00
99199,0x12F85050,4,00,00,00,00
99252,0xEF81510,1,00
99304,0x12F83210,1,00
99356,0x12F85050,4,00,00,00,00
99409,0x12F83130,1,00
99461,0xAF87170,3,00,00,00
99514,0x12F85050,4,00,00,00,00
99567,0x12F81010,2,00,00
99619,0x12F83210,1,00
99671,0xAF87070,2,00,00
99724,0x12F83130,1,00
99776,0xAF87170,3,00,00,00
99829,0xAF81111,2,40,00
99881,0x12F83210,1,00
99933,0x1610FF50,0
99985,0x12F85050,4,00,00,00,00
100038,0x12F85150,2,00,00
100091,0xAF87170,3,00,00,00
100143,0x12F85050,4,00,00,00,00
100196,0x12F83210,1,00
100249,0x12F85050,4,00,00,00,00
100302,0x12F83130,1,00
100354,0xAF87170,3,00,00,00
100407,0xAF87070,2,40,00
100459,0xEF81510,1,00
100512,0x12F83210,1,00
100564,0x12F85050,4,00,00,00,00
100617,0x12F83130,1,00
100669,0xAF87170,3,00,00,00
100722,0xAF87070,2,40,00
100774,0x12F83210,1,00
100827,0x1610FF11,0
100879,0x12F85050,4,00,00,00,00
100932,0x12F83130,1,00
100984,0xAF87170,3,00,00,00
101037,0x12F85050,4,00,00,00,00
101090,0x12F83210,1,00
101142,0xAF81111,2,42,40
101195,0xEF81430,1,00
101247,0xAF87170,3,00,00,00
101300,0x12F85050,4,00,00,00,00
101353,0xEF81510,1,00
101405,0xAF87070,2,50,00
101457,0x12F85050,4,00,00,00,00
101510,0x12F83130,1,00
101563,0xAF87170,3,00,00,00
101615,0xAF81111,2,40,00
101668,0x12F83010,1,00
101720,0x12F83210,1,00
101772,0x12F85050,4,00,00,00,00
101825,0x1610FF11,0
101877,0xAF87170,3,00,00,00
101930,0xAF81111,2,40,00
101983,0x12F83210,1,00
102035,0x12F85050,4,00,00,00,00
102088,0xEF81430,1,00
102140,0x12F85150,2,40,00
102193,0xAF87070,2,40,00
102245,0x12F85050,4,00,00,00,00
102298,0x1610FF10,0
102350,0x12F85050,4,00,00,00,00
102403,0x12F83130,1,00
102456,0xAF87170,3,00,00,00
102508,0x12F85050,4,00,00,00,00
102562,0x12F81010,2,00,00
102614,0xAF87070,2,00,00
102667,0x12F85050,4,00,00,00,00
102720,0x12F83130,1,00
102772,0xAF87170,3,00,00,00
102825,0x12F85050,4,00,00,00,00
102878,0x12F83210,1,00
102930,0xAF81111,2,00,00
102983,0x12F85050,4,00,00,00,00
103036,0x12F85150,2,40,00
103088,0xAF87170,3,00,00,00
103141,0x12F85050,4,00,00,00,00
103194,0xAF87070,2,00,00
103246,0x12F85050,4,00,00,00,00
103300,0x12F83130,1,00
103352,0xAF87170,3,00,00,00
103405,0x12F85050,4,00,00,00,00
103458,0x12F81010,2,00,00
103510,0xAF87070,2,40,00
103563,0x12F85050,4,00,00,00,00
103616,0x12F83130,1,00
103668,0xAF87170,3,00,00,00
103721,0x12F85050,4,00,00,00,00
103774,0x12F83210,1,00
103826,0xAF87070,2,40,00
103879,0x12F85050,4,00,00,00,00
103932,0x12F83130,1,00
103984,0x1610FF10,0
104036,0xAF81111,2,42,40
104088,0x12F83210,1,00
104141,0x12F85050,4,00,00,00,00
104194,0xEF81430,1,00
104246,0x12F85050,4,00,00,00,00
104299,0xAF87070,2,50,00
104352,0x12F85050,4,00,00,00,00
104405,0x12F83210,1,00
104457,0x12F85050,4,00,00,00,00
104510,0x12F83130,1,00
104562,0xAF87170,3,00,00,00
104615,0xAF81111,2,42,40
104667,0x12F83210,1,00
104720,0x12F85050,4,00,00,00,00
104773,0x1610FF10,0
104825,0x12F83130,1,00
104877,0x12F85050,4,00,00,00,00
104930,0x1610FF50,0
104982,0x12F83210,1,00
105035,0x12F85050,4,00,00,00,00
105088,0xEF81430,1,00
105140,0x12F85150,2,40,00
105192,0x12F85050,4,00,00,00,00
105245,0x1610FF11,0
105297,0x12F83210,1,00
105350,0x12F85050,4,00,00,00,00
105403,0x12F83130,1,00
105455,0x12F85050,4,00,00,00,00
105508,0x12F85050,4,00,00,00,00
105561,0x12F83010,1,00
105614,0x12F83210,1,00
105666,0xAF87070,2,40,00
105718,0x12F83130,1,00
105771,0x12F85050,4,00,00,00,00
105824,0xAF81111,2,00,00
105876,0x12F83210,1,00
105928,0x1610FF50,0
105980,0x12F85050,4,00,00,00,00
106034,0x12F83130,1,00
106086,0x12F85050,4,00,00,00,00
106139,0xAF81111,2,00,00
106191,0x12F83210,1,00
106244,0x12F85050,4,00,00,00,00
106297,0xEF81430,1,00
106349,0x12F85050,4,00,00,00,00
106402,0xAF87070,2,00,00
106455,0x12F81010,2,00,00
106507,0x1610FF70,0
106559,0x12F85050,4,00,00,00,00
106612,0x12F83130,1,00
106664,0x12F85050,4,00,00,00,00
106718,0x12F85050,4,00,00,00,00
106771,0x12F83210,1,00
106823,0xAF87070,2,40,00
106875,0x12F85050,4,00,00,00,00
106928,0x12F83130,1,00
106981,0x12F85050,4,00,00,00,00
107034,0x12F85050,4,00,00,00,00
107087,0x12F83210,1,00
107139,0xAF81111,2,40,00
107192,0xEF81430,1,00
107244,0x12F85150,2,20,00
107296,0x12F85050,4,00,00,00,00
107350,0x12F85050,4,00,00,00,00
107403,0x1610FF10,0
107455,0x12F85050,4,00,00,00,00
107508,0x12F83130,1,00
107560,0x12F85050,4,00,00,00,00
107613,0xEF81510,1,00
107665,0x12F83210,1,00
107718,0xAF81111,2,42,40
107770,0x12F85050,4,00,00,00,00
107823,0x12F83130,1,00
107875,0x12F85050,4,00,00,00,00
107929,0x1610FF50,0
107981,0x12F83210,1,00
108033,0xAF81111,2,42,40
108085,0x12F85050,4,00,00,00,00
108138,0x12F83130,1,00
108191,0x12F85050,4,00,00,00,00
108244,0xEF81510,1,00
108296,0x1610FF10,0
108348,0x12F85050,4,00,00,00,00
108401,0x12F83130,1,00
108453,0x12F85050,4,00,00,00,00
108506,0x1610FF11,0
108558,0x12F83210,1,00
108611,0xAF87070,2,40,00
108663,0x12F85050,4,00,00,00,00
108716,0x12F83130,1,00
108769,0x12F85050,4,00,00,00,00
108822,0xEF81510,1,00
108874,0x12F83210,1,00
108926,0xAF81111,2,40,00
108979,0x12F85050,4,00,00,00,00
109032,0x12F83130,1,00
109084,0xAF87070,2,00,00
109136,0xAF81111,2,00,00
109189,0x12F83210,1,00
109241,0x12F85050,4,00,00,00,00
109294,0xEF81430,1,00
109346,0xAF87170,3,00,00,00
109399,0xAF87070,2,00,00
109452,0x12F85050,4,00,00,00,00
109505,0x12F83210,1,00
109557,0x12F85050,4,00,00,00,00
109610,0x12F83130,1,00
109662,0x12F85050,4,00,00,00,00
109715,0xAF81111,2,00,00
109768,0x12F83210,1,00
109820,0x12F85050,4,00,00,00,00
109873,0xEF81430,1,00
109925,0xAF81111,2,40,08
109978,0x12F85050,4,00,00,00,00
110031,0xEF81510,1,00
110083,0x12F83210,1,00
110136,0x12F85050,4,00,00,00,00
110189,0xEF81430,1,00
110241,0x12F85150,2,40,00
110293,0x12F85050,4,00,00,00,00
110346,0x12F81010,2,00,00
110399,0x12F83210,1,00
110451,0x12F85050,4,00,00,00,00
110504,0x12F83130,1,00
110557,0x12F85050,4,00,00,00,00
110610,0xEF81510,1,00
110662,0x12F83210,1,00
110714,0x12F85050,4,00,00,00,00
110767,0xEF81430,1,00
110820,0xAF81111,2,00,00
110872,0x12F85050,4,00,00,00,00
110925,0x1610FF50,0
110977,0x12F83210,1,00
111029,0x12F85050,4,00,00,00,00
111082,0xEF81430,1,00
111135,0xAF81111,2,00,00
111187,0x12F85050,4,00,00,00,00
111240,0xEF81510,1,00
111292,0x12F83210,1,00
111345,0x12F85050,4,00,00,00,00
111398,0x12F83130,1,00
111450,0xAF87170,3,00,00,00
111503,0x12F85050,4,00,00,00,00
111556,0x12F83010,1,00
111608,0x1610FF70,0
111660,0x12F85050,4,00,00,00,00
111713,0x12F83130,1,00
111766,0x12F85050,4,00,00,00,00
111819,0xEF81510,1,00
111871,0x12F83210,1,00
111923,0xAF87070,2,40,00
111976,0x12F85050,4,00,00,00,00
112029,0x12F83130,1,00
112081,0x12F85050,4,00,00,00,00
112134,0xEF81510,1,00
112186,0x12F83210,1,00
112239,0xAF81111,2,40,00
112291,0xEF81430,1,00
112343,0x12F85150,2,40,00
112396,0x12F85050,4,00,00,00,00
112449,0x12F81010,2,00,00
112501,0x1610FF10,0
112553,0x12F85050,4,00,00,00,00
112606,0x12F83130,1,00
112659,0x12F85050,4,00,00,00,00
112712,0xEF81510,1,00
112764,0x12F83210,1,00
112816,0xAF81111,2,00,00
112869,0x12F85050,4,00,00,00,00
112922,0x12F83130,1,00
112974,0x12F85050,4,00,00,00,00
113027,0xEF81510,1,00
113079,0x12F85050,4,00,00,00,00
113133,0xAF81111,2,00,00
113185,0x12F85050,4,00,00,00,00
113238,0x12F83130,1,00
113290,0x12F85050,4,00,00,00,00
113343,0x12F81010,2,00,00
113396,0x12F85050,4,00,00,00,00
113449,0x12F85050,4,00,00,00,00
113502,0x12F83130,1,00
113555,0x12F85050,4,00,00,00,00
113608,0xAF87070,2,40,00
113660,0x12F85050,4,00,00,00,00
113713,0x12F85050,4,00,00,00,00
113766,0xEF81430,1,00
113818,0x12F83130,1,00
113871,0x12F85050,4,00,00,00,00
113924,0xAF87070,2,40,00
113976,0x12F85050,4,00,00,00,00
114029,0x12F85050,4,00,00,00,00
114082,0xEF81430,1,00
114135,0x12F83130,1,00
114187,0x12F85050,4,00,00,00,00
114240,0x1610FF10,0
114292,0x12F85050,4,00,00,00,00
114345,0x12F85050,4,00,00,00,00
114398,0x12F83130,1,08
114451,0xAF87170,3,00,00,00
114503,0x12F85050,4,00,00,00,00
114556,0x12F85050,4,00,00,00,00
114610,0x12F85050,4,00,00,00,00
114663,0xEF81430,1,00
114715,0x12F83130,1,00
114767,0x12F85050,4,00,00,00,00
114820,0xAF87070,2,00,00
114873,0x12F85050,4,00,00,00,00
114926,0x1610FF50,0
114978,0x12F85050,4,00,00,00,00
115031,0x1610FF70,0
115083,0x12F85050,4,00,00,00,00
115136,0xEF81510,1,00
115188,0x12F85050,4,00,00,00,00
115241,0x12F85050,4,00,00,00,00
115294,0xEF81430,1,00
115346,0x12F85150,2,40,00
115399,0xAF81111,2,40,40
115451,0x12F83210,1,00
115504,0x12F85050,4,00,00,00,00
115557,0x12F85050,4,00,00,00,00
115610,0x12F83130,1,00
115662,0xAF81111,2,40,00
115715,0xEF81510,1,00
115767,0x12F85050,4,00,00,00,00
115820,0x12F85050,4,00,00,00,00
115873,0x1610FF10,0
115925,0x12F83130,1,00
115977,0x12F85050,4,00,00,00,00
116030,0xEF81510,1,00
116083,0x12F85050,4,00,00,00,00
116136,0x12F85050,4,00,00,00,00
116189,0xEF81430,1,00
116241,0x12F83130,1,00
116293,0x12F85050,4,00,00,00,00
116346,0x12F83010,1,00
116399,0x12F85050,4,00,00,00,00
116452,0x12F85050,4,00,00,00,00
116505,0x12F83130,1,08
116557,0x12F85050,4,00,00,00,00
116610,0xEF81510,1,00
116662,0x12F85050,4,00,00,00,00
116716,0xAF81111,2,40,00
116768,0x12F85050,4,00,00,00,00
116821,0x12F83130,1,00
116873,0x12F85050,4,00,00,00,00
116926,0xEF81510,1,00
116979,0xAF87070,2,40,00
117031,0xAF81111,2,40,00
117084,0x12F85050,4,00,00,00,00
117137,0x12F83130,1,00
117189,0x12F85050,4,00,00,00,00
117242,0x12F81010,2,00,00
117295,0xAF87070,2,40,00
117347,0xAF81111,2,40,40
117400,0x12F83130,1,00
117452,0xAF87170,3,00,00,00
117505,0x12F85050,4,00,00,00,00
117558,0x12F85050,4,00,00,00,00
117611,0xAF81111,2,00,00
117663,0x12F85050,4,00,00,00,00
117716,0x12F83130,1,00
117769,0x12F85050,4,00,00,00,00
117822,0xEF81510,1,00
117874,0xAF81111,2,00,00
117926,0x1610FF50,0
117978,0x12F85050,4,00,00,00,00
118031,0x12F83130,1,00
118084,0x12F85050,4,00,00,00,00
118137,0x12F81010,2,00,00
118189,0xAF81111,2,00,00
118242,0x12F85050,4,00,00,00,00
118295,0xEF81430,1,00
118347,0x12F85150,2,10,00
118400,0x12F85050,4,00,00,00,00
118453,0x12F83210,1,00
118505,0x12F85050,4,00,00,00,00
118558,0x12F85050,4,00,00,00,00
118611,0x12F83130,1,00
118664,0x12F85050,4,00,00,00,00
118717,0xEF81510,1,00
118769,0x12F85050,4,00,00,00,00
118822,0x12F85050,4,00,00,00,00
118875,0xEF81430,1,00
118927,0xAF87070,2,40,00
118980,0x12F85050,4,00,00,00,00
119033,0xEF81510,1,00
119085,0x12F85050,4,00,00,00,00
119138,0xAF81111,2,00,00
119191,0xEF81430,1,00
119243,0x12F83130,1,00
119295,0x12F85050,4,00,00,00,00
119348,0x12F83210,1,00
119400,0x12F85050,4,00,00,00,00
119453,0xAF81111,2,00,00
119506,0x12F83130,1,08
119558,0x12F85050,4,00,00,00,00
119611,0xEF81510,1,00
119664,0x12F85050,4,00,00,00,00
119717,0xAF87070,2,00,00
119769,0x12F85050,4,00,00,00,00
119822,0x12F83130,1,00
119874,0x12F85050,4,00,00,00,00
119928,0xEF81510,1,00
119980,0x12F85050,4,00,00,00,00
120033,0x1610FF10,0
120085,0xEF81430,1,00
120137,0x12F83130,1,00
120189,0x12F85050,4,00,00,00,00
120242,0x12F83210,1,00
120295,0x12F85050,4,00,00,00,00
120348,0xAF87070,2,40,00
120400,0x12F83130,1,08
120452,0xAF87170,3,00,00,00
120505,0x12F85050,4,00,00,00,00
120558,0x12F85050,4,00,00,00,00
120611,0xAF87070,2,40,00
120664,0x12F85050,4,00,00,00,00
120717,0x12F83130,1,00
120769,0x12F85050,4,00,00,00,00
120822,0xEF81510,1,00
120875,0x12F85050,4,00,00,00,00
120928,0xAF87070,2,40,00
120980,0x12F85050,4,00,00,00,00
121033,0x12F83130,1,00
121085,0x12F85050,4,00,00,00,00
121139,0x12F83010,1,00
121191,0x12F85050,4,00,00,00,00
121244,0xAF87070,2,00,00
121296,0x12F83130,1,00
121349,0xAF87170,3,00,00,00
121401,0x12F85050,4,00,00,00,00
121454,0x12F83210,1,00
121507,0x12F85050,4,00,00,00,00
121560,0x12F85050,4,00,00,00,00
121613,0x12F83130,1,00
121665,0x12F85050,4,00,00,00,00
121718,0x1610FF10,0
121770,0x12F85050,4,00,00,00,00
121824,0x12F85050,4,00,00,00,00
121877,0xEF81430,1,00
121929,0x12F83130,1,00
121981,0x12F85050,4,00,00,00,00
122034,0x12F81010,2,00,00
122087,0x12F85050,4,00,00,00,00
122140,0x12F85050,4,00,00,00,00
122193,0xEF81430,1,00
122245,0x12F83130,1,00
122297,0x12F85050,4,00,00,00,00
122350,0x12F83210,1,00
122403,0x12F85050,4,00,00,00,00
122456,0x12F85050,4,00,00,00,00
122509,0x12F83130,1,00
122561,0x12F85050,4,00,00,00,00
122614,0xAF81111,2,00,00
122667,0x12F85050,4,00,00,00,00
122720,0x12F85050,4,00,00,00,00
122773,0xEF81430,1,00
122825,0x12F83130,1,00
122877,0x12F85050,4,00,00,00,00
122931,0x12F81010,2,00,00
122983,0x12F85050,4,00,00,00,00
123036,0x12F85050,4,00,00,00,00
123089,0xEF81430,1,00
123141,0x12F83130,1,00
123194,0xAF87070,2,00,00
123246,0x12F83210,1,00
123299,0x12F85050,4,00,00,00,00
123352,0x12F85050,4,00,00,00,00
123405,0x12F83130,1,00
123457,0x12F85150,2,40,00
123510,0x12F85050,4,00,00,00,00
123563,0x12F85050,4,00,00,00,00
123616,0x12F85050,4,00,00,00,00
123669,0xEF81430,1,00
123721,0xAF87070,2,40,00
123773,0x12F85050,4,00,00,00,00
123827,0xEF81510,1,00
123879,0x12F85050,4,00,00,00,00
123932,0x1610FF50,0
123984,0xEF81430,1,00
124036,0xAF87070,2,40,00
124089,0x12F85050,4,00,00,00,00
124142,0x12F83210,1,00
124194,0x12F85050,4,00,00,00,00
124247,0x12F85050,4,00,00,00,00
124300,0x1610FF10,0
124352,0x12F85150,2,40,00
124405,0x12F85050,4,00,00,00,00
124458,0x12F83210,1,00
124510,0x12F85050,4,00,00,00,00
124563,0x12F85050,4,00,00,00,00
124616,0xAF81111,2,00,00
124669,0x12F85050,4,00,00,00,00
124722,0xEF81510,1,00
124774,0x12F85050,4,00,00,00,00
124827,0x12F85050,4,00,00,00,00
124880,0xEF81430,1,00
124932,0xAF81111,2,00,00
124985,0x12F85050,4,00,00,00,00
125038,0x12F83210,1,00
125090,0x12F85050,4,00,00,00,00
125143,0x1610FF70,0
125195,0x12F83130,1,00
125248,0xAF87170,3,00,00,00
125300,0x12F85050,4,00,00,00,00
125353,0x12F83210,1,00
125406,0x12F85050,4,00,00,00,00
125459,0x12F85050,4,00,00,00,00
125512,0x12F83130,1,08
125564,0x12F85050,4,00,00,00,00
125617,0xEF81510,1,00
125669,0x12F85050,4,00,00,00,00
125723,0x12F85050,4,00,00,00,00
125776,0xAF87070,2,40,00
125828,0xAF81111,2,40,00
125881,0x12F85050,4,00,00,00,00
125934,0x12F83010,1,00
125986,0x12F85050,4,00,00,00,00
126039,0x1610FF10,0
126091,0xEF81430,1,00
126143,0x12F83130,1,00
126196,0x12F85050,4,00,00,00,00
126249,0x12F83210,1,00
126301,0x12F85050,4,00,00,00,00
126354,0xAF81111,2,00,00
126406,0x12F83130,1,00
126459,0x12F85150,2,40,00
126511,0x12F85050,4,00,00,00,00
126564,0x12F85050,4,00,00,00,00
126617,0xAF87070,2,00,00
126670,0x12F85050,4,00,00,00,00
126723,0x12F83130,1,00
126775,0x1610FF10,0
126827,0x12F81010,2,00,00
126880,0x12F85050,4,00,00,00,00
126933,0x1610FF50,0
126985,0xEF81430,1,00
127037,0x12F83130,1,00
127089,0xAF81111,2,40,00
127142,0x12F83210,1,00
127194,0x12F85050,4,00,00,00,00
127247,0x12F85050,4,00,00,00,00
127300,0x12F83130,1,00
127353,0x12F85150,2,00,00
127405,0xAF81111,2,40,00
127458,0x12F83210,1,00
127510,0x12F85050,4,00,00,00,00
127563,0xAF81111,2,00,00
127615,0x12F83130,1,00
127668,0x12F85050,4,00,00,00,00
127721,0xEF81510,1,00
127773,0x12F85050,4,00,00,00,00
127826,0xAF87070,2,00,00
127879,0x12F85050,4,00,00,00,00
127932,0x12F83130,1,00
127984,0x12F85050,4,00,00,00,00
128037,0x12F83210,1,00
128089,0x12F85050,4,00,00,00,00
128142,0xAF87070,2,00,00
128195,0x12F83130,1,00
128247,0xAF87170,3,00,00,00
128300,0x12F85050,4,00,00,00,00
128353,0x1610FF11,0
128405,0x12F85050,4,00,00,00,00
128458,0x12F85050,4,00,00,00,00
128511,0x12F83130,1,00
128564,0x12F85050,4,00,00,00,00
128617,0xEF81510,1,00
128669,0x12F85050,4,00,00,00,00
128722,0x12F85050,4,00,00,00,00
128775,0xEF81430,1,00
128827,0x12F83130,1,00
128880,0x12F85050,4,00,00,00,00
128933,0x12F83210,1,00
128985,0x12F85050,4,00,00,00,00
129038,0x12F85050,4,00,00,00,00
129091,0xEF81430,1,00
129143,0x12F83130,1,00
129196,0xAF81111,2,00,00
129248,0x12F83210,1,00
129300,0x12F85050,4,00,00,00,00
129353,0x12F85050,4,00,00,00,00
129406,0x12F83130,1,00
129459,0x12F85150,2,00,00
129511,0xAF81111,2,00,00
129564,0x12F83210,1,00
129616,0x12F85050,4,00,00,00,00
129669,0x12F85050,4,00,00,00,00
129722,0x12F83130,1,00
129774,0xAF87070,2,00,00
129827,0x12F83010,1,00
129879,0x12F85050,4,00,00,00,00
129932,0x1610FF50,0
129984,0xEF81430,1,00
130036,0x12F83130,1,00
130089,0xAF81111,2,40,00
130141,0x12F83210,1,00
130194,0x12F85050,4,00,00,00,00
130247,0x12F85050,4,00,00,00,00
130300,0x12F83130,1,00
130352,0xAF87170,3,00,00,00
130405,0xAF81111,2,40,00
130457,0x12F83210,1,00
130510,0x12F85050,4,00,00,00,00
130563,0x12F85050,4,00,00,00,00
130616,0x12F83130,1,00
130668,0x12F85050,4,00,00,00,00
130721,0x12F81010,2,00,00
130774,0x12F85050,4,00,00,00,00
130827,0x12F85050,4,00,00,00,00
130880,0xEF81430,1,00
130932,0x1610FF10,0
130984,0x12F85050,4,00,00,00,00
131037,0x12F83210,1,00
131089,0x12F85050,4,00,00,00,00
131143,0x12F85050,4,00,00,00,00
131196,0x12F83130,1,00
131248,0xAF81111,2,00,00
131300,0x12F85050,4,00,00,00,00
131353,0x12F83210,1,00
131406,0x12F85050,4,00,00,00,00
131459,0x12F85050,4,00,00,00,00
131512,0x12F83130,1,00
131564,0x12F85150,2,40,00
131617,0x12F81010,2,00,00
131669,0x12F85050,4,00,00,00,00
131722,0x1610FF70,0
131774,0x12F85050,4,00,00,00,00
131828,0x12F83130,1,00
131880,0x12F85050,4,00,00,00,00
131933,0x12F83210,1,00
131985,0x12F85050,4,00,00,00,00
132038,0xAF87070,2,40,00
132091,0xEF81430,1,00
132143,0x12F83130,1,00
132195,0x12F85050,4,00,00,00,00
132248,0x12F83210,1,00
132301,0x12F85050,4,00,00,00,00
132354,0xAF87070,2,40,00
132406,0x12F83130,1,00
132458,0x12F85150,2,40,00
132511,0x12F85050,4,00,00,00,00
132564,0x12F83210,1,00
132616,0x12F85050,4,00,00,00,00
132669,0x12F85050,4,00,00,00,00
132722,0x12F83130,1,00
132775,0x12F85050,4,00,00,00,00
132828,0x12F83210,1,00
132880,0x12F85050,4,00,00,00,00
132933,0x1610FF50,0
132985,0xEF81430,1,00
133037,0xAF87070,2,00,00
133090,0x12F85050,4,00,00,00,00
133143,0x12F83210,1,00
133195,0x12F85050,4,00,00,00,00
133248,0x12F85050,4,00,00,00,00
133301,0x12F83130,1,00
133354,0xAF87170,3,00,00,00
133407,0x12F85050,4,00,00,00,00
133460,0x1610FF10,0
133512,0x1610FF10,0
133564,0x12F85050,4,00,00,00,00
133617,0x12F83130,1,00
133669,0x12F85050,4,00,00,00,00
133722,0x12F83010,1,00
133774,0x12F85050,4,00,00,00,00
133828,0x12F85050,4,00,00,00,00
133881,0xEF81430,1,00
133933,0x12F83130,1,00
133985,0x12F85050,4,00,00,00,00
134038,0x12F83210,1,00
134090,0xAF81111,2,40,00
134143,0x12F85050,4,00,00,00,00
134196,0x12F83130,1,00
134248,0xAF87170,3,00,00,00
134301,0x12F85050,4,00,00,00,00
134354,0xAF87070,2,40,00
134407,0xAF81111,2,00,00
134459,0x12F85050,4,00,00,00,00
134512,0x12F83130,1,00
134564,0x12F85150,2,40,00
134617,0x12F81010,2,00,00
134670,0x12F85050,4,00,00,00,00
134723,0xAF81111,2,00,00
134775,0x12F85050,4,00,00,00,00
134828,0x12F83130,1,00
134880,0x12F85050,4,00,00,00,00
134934,0x12F83210,1,00
134986,0x12F85050,4,00,00,00,00
135039,0xAF81111,2,00,00
135091,0x12F83130,1,00
135144,0x1610FF70,0
135196,0x12F85050,4,00,00,00,00
135249,0x12F83210,1,00
135301,0x12F85050,4,00,00,00,00
135354,0x12F85050,4,00,00,00,00
135407,0x12F83130,1,00
135460,0x12F85150,2,40,00
135512,0x12F81010,2,00,00
135565,0x12F83210,1,00
135617,0x12F85050,4,00,00,00,00
135670,0x12F85050,4,00,00,00,00
135723,0x12F83130,1,00
135775,0xAF81111,2,40,00
135828,0x12F83210,1,00
135880,0x12F85050,4,00,00,00,00
135933,0x1610FF70,0
135985,0xEF81430,1,00
136037,0x12F83130,1,00
136090,0x12F85050,4,00,00,00,00
136143,0x12F83210,1,00
136195,0x12F85050,4,00,00,00,00
136248,0xAF87070,2,00,00
136301,0x12F83130,1,00
136353,0xAF87170,3,00,00,00
136406,0x12F85050,4,00,00,00,00
136459,0x12F83210,1,00
136511,0x12F85050,4,00,00,00,00
136564,0xAF87070,2,00,00
136617,0x12F83130,1,00
136669,0x12F85150,2,40,00
136721,0x12F83210,1,00
136774,0x12F85050,4,00,00,00,00
136827,0xAF81111,2,40,00
136879,0x12F85050,4,00,00,00,00
136932,0x12F83130,1,00
136985,0x12F85050,4,00,00,00,00
137038,0x12F83210,1,00
137090,0xAF87070,2,40,00
137142,0xAF81111,2,40,00
137195,0x12F83130,1,00
137247,0xAF87170,3,00,00,00
137300,0x12F85050,4,00,00,00,00
137353,0x12F83210,1,00
137405,0xAF81111,2,40,40
137458,0x12F85050,4,00,00,00,00
137511,0x12F83130,1,00
137563,0x12F85150,2,40,00
137616,0x12F83010,1,00
137668,0xAF81111,2,00,00
137720,0x12F85050,4,00,00,00,00
137774,0x12F85050,4,00,00,00,00
137827,0x12F83130,1,00
137879,0x12F85050,4,00,00,00,00
137932,0x12F83210,1,00
137984,0x12F85050,4,00,00,00,00
138037,0x12F85050,4,00,00,00,00
138090,0xEF81430,1,00
138143,0x12F83130,1,00
138195,0x12F85050,4,00,00,00,00
138248,0xAF87070,2,00,00
138301,0xAF81111,2,00,00
138353,0x12F85050,4,00,00,00,00
138406,0x12F83130,1,00
138458,0xAF87170,3,00,00,00
138511,0x12F81010,2,00,00
138564,0xAF81111,2,40,00
138616,0x12F85050,4,00,00,00,00
138669,0x12F85050,4,00,00,00,00
138722,0x12F83130,1,00
138775,0x12F85050,4,00,00,00,00
138828,0x12F83210,1,00
138880,0x12F85050,4,00,00,00,00
138933,0x1610FF50,0
138985,0xEF81430,1,00
139037,0x12F83130,1,00
139090,0x12F85050,4,00,00,00,00
139143,0xAF81111,2,40,00
139195,0x12F85050,4,00,00,00,00
139248,0x12F85050,4,00,00,00,00
139301,0x12F83130,1,00
139354,0xAF87170,3,00,00,00
139406,0x12F81010,2,00,00
139459,0x12F83210,1,00
139511,0x12F85050,4,00,00,00,00
139564,0x12F85050,4,00,00,00,00
139617,0x12F83130,1,00
139670,0x12F85150,2,40,00
139722,0xAF81111,2,00,00
139775,0x12F85050,4,00,00,00,00
139828,0x12F85050,4,00,00,00,00
139881,0xEF81430,1,00
139933,0x12F83130,1,00
139985,0x12F85050,4,00,00,00,00
140038,0xAF81111,2,00,00
140091,0x12F85050,4,00,00,00,00
140144,0x1610FF70,0
140196,0x12F83130,1,00
140248,0xAF87170,3,00,00,00
140301,0x12F85050,4,00,00,00,00
140354,0x12F83210,1,00
140406,0x12F85050,4,00,00,00,00
140459,0xAF87070,2,40,00
140512,0x12F83130,1,00
140564,0x12F85150,2,40,00
140617,0x12F83210,1,00
140669,0x12F85050,4,00,00,00,00
140722,0xAF87070,2,40,00
140775,0x12F85050,4,00,00,00,00
140828,0x12F83130,1,00
140880,0x12F85050,4,00,00,00,00
140933,0x12F83210,1,00
140985,0x12F85050,4,00,00,00,00
141038,0x12F85050,4,00,00,00,00
141091,0x12F83130,1,00
141144,0xAF87170,3,00,00,00
141197,0x12F85050,4,00,00,00,00
141250,0x12F83210,1,00
141302,0xAF81111,2,00,00
141354,0x12F85050,4,00,00,00,00
141407,0x12F83130,1,00
141460,0xAF87170,3,00,00,00
141512,0x12F83210,1,00
141565,0xAF87070,2,00,00
141617,0xAF81111,2,00,00
141670,0x12F85050,4,00,00,00,00
141723,0x12F83130,1,08
141775,0x12F85050,4,00,00,00,00
141828,0x12F83210,1,00
141880,0x12F85050,4,00,00,00,00
141933,0x1610FF50,0
141986,0xEF81430,1,00
142038,0x12F83130,1,00
142090,0x12F85050,4,00,00,00,00
142143,0xAF81111,2,40,00
142196,0x12F85050,4,00,00,00,00
142249,0x12F85050,4,00,00,00,00
142302,0x12F83130,1,00
142354,0xAF87170,3,00,00,00
142407,0x12F81010,2,00,00
142459,0xAF81111,2,40,10
142512,0x12F85050,4,00,00,00,00
142565,0x12F85050,4,00,00,00,00
142618,0x12F83130,1,00
142670,0x12F85150,2,40,00
142723,0x12F83210,1,00
142775,0x12F85050,4,00,00,00,00
142828,0x12F85050,4,00,00,00,00
142881,0xEF81430,1,00
142933,0x12F83130,1,00
142986,0x12F85050,4,00,00,00,00
143039,0xAF87070,2,00,00
143091,0x12F85050,4,00,00,00,00
143144,0x12F85050,4,00,00,00,00
143197,0x12F83130,1,00
143250,0xAF87170,3,00,00,00
143303,0x12F81010,2,00,00
143355,0xAF87070,2,00,00
143408,0x12F85050,4,00,00,00,00
143461,0x12F85050,4,00,00,00,00
143514,0x12F83130,1,00
143566,0x12F85150,2,00,00
143619,0x12F83210,1,00
143671,0x1610FF10,0
143723,0x12F85050,4,00,00,00,00
143776,0x12F85050,4,00,00,00,00
143829,0x12F83130,1,00
143881,0x12F85050,4,00,00,00,00
143934,0xAF87070,2,40,00
143987,0x12F85050,4,00,00,00,00
144040,0x12F85050,4,00,00,00,00
144093,0x12F83130,1,00
144145,0xAF87170,3,00,00,00
144198,0x12F81010,2,00,00
144251,0xAF87070,2,40,00
144303,0x12F85050,4,00,00,00,00
144356,0x12F85050,4,00,00,00,00
144409,0x12F83130,1,00
144462,0xAF87170,3,00,00,00
144514,0x12F83210,1,00
144567,0xAF81111,2,40,00
144619,0x1610FF10,0
144671,0x12F85050,4,00,00,00,00
144724,0x12F83130,1,00
144776,0x12F85050,4,00,00,00,00
144830,0x12F83210,1,00
144882,0x12F85050,4,00,00,00,00
144935,0xAF81111,2,00,00
144987,0xEF81430,1,00
145040,0x12F83130,1,00
145092,0x12F85050,4,00,00,00,00
145145,0x12F83210,1,00
145197,0xAF81111,2,00,00
145250,0x12F85050,4,00,00,00,00
145303,0x12F83130,1,00
145355,0xAF87170,3,00,00,00
145408,0x12F83210,1,00
145460,0x1610FF10,0
145512,0x12F85050,4,00,00,00,00
145565,0x12F85050,4,00,00,00,00
145618,0x12F83130,1,00
145671,0x12F85150,2,00,00
145723,0x12F83210,1,00
145775,0xAF81111,2,40,00
145828,0x12F85050,4,00,00,00,00
145881,0x12F85050,4,00,00,00,00
145934,0x12F83130,1,00
145986,0x12F85050,4,00,00,00,00
146039,0xAF87070,2,40,00
146092,0x12F85050,4,00,00,00,00
146145,0x12F85050,4,00,00,00,00
146198,0x12F83130,1,00
146250,0xAF81111,2,00,00
146303,0x12F83010,1,00
146355,0x12F83210,1,00
146407,0x12F85050,4,00,00,00,00
146460,0x12F85050,4,00,00,00,00
146514,0xAF87070,2,00,00
146566,0xAF87170,3,00,00,00
146619,0x12F83210,1,00
146671,0x12F85050,4,00,00,00,00
146774,0x12F85050,4,00,00,00,00
146827,0xAF87070,2,00,00
146880,0x12F85050,4,00,00,00,00
146933,0x12F83210,1,00
146985,0x12F85050,4,00,00,00,00
147038,0x12F85050,4,00,00,00,00
147091,0x12F83130,1,00
147144,0xAF81111,2,00,00
147196,0x12F81010,2,00,00
147249,0x12F83210,1,00
147301,0x12F85050,4,00,00,00,00
147354,0x12F85050,4,00,00,00,00
147407,0x12F83130,1,00
147459,0xAF87170,3,00,00,00
147512,0x12F83210,1,00
147564,0x12F85050,4,00,00,00,00
147668,0x12F85050,4,00,00,00,00
147721,0x12F83130,1,00
147773,0x12F85150,2,00,00
147825,0x12F83210,1,00
147878,0x12F85050,4,00,00,00,00
147931,0x1610FF50,0
147983,0xEF81430,1,00
148035,0x12F83130,1,00
148087,0x12F85050,4,00,00,00,00
148140,0x12F83210,1,00
148193,0x12F85050,4,00,00,00,00
148246,0xEF81430,1,00
148298,0x12F83130,1,00
148350,0xAF87070,2,00,00
148403,0x12F83210,1,00
148455,0x12F85050,4,00,00,00,00
148558,0xEF81430,1,00
148610,0x12F83130,1,00
148663,0xAF87170,3,00,00,00
148715,0x12F83210,1,00
148768,0x12F85050,4,00,00,00,00
148871,0xEF81430,1,00
148923,0x1610FF10,0
148975,0x1610FF50,0
149027,0x12F83210,1,00
149079,0x12F85050,4,00,00,00,00
149132,0xEF81430,1,00
149185,0x12F85050,4,00,00,00,00
149238,0xAF81111,2,40,40
149290,0xEF81510,1,00
149342,0x12F83210,1,00
149395,0x12F85050,4,00,00,00,00
149448,0xEF81430,1,00
149500,0x12F83130,1,00
149552,0xAF87170,3,00,00,00
149605,0x12F83210,1,00
149657,0x12F85050,4,00,00,00,00
149760,0xEF81430,1,00
149812,0x1610FF70,0
149864,0xAF87170,3,00,00,00
149917,0x12F83210,1,00
149969,0x1610FF50,0
150022,0x12F85050,4,00,00,00,00
150075,0xEF81430,1,00
150127,0xAF87070,2,00,00
150179,0x12F85150,2,40,00
150232,0x12F83210,1,00
150284,0x12F85050,4,00,00,00,00
150337,0xEF81430,1,00
150389,0x12F83130,1,00
150442,0xAF87070,2,00,00
150494,0x12F81010,2,00,00
150547,0x12F83210,1,00
150599,0x12F85050,4,00,00,00,00
150652,0xEF81430,1,00
150704,0x12F83130,1,00
150756,0xAF87170,3,00,00,00
150809,0x1610FF10,0
150861,0x12F85050,4,00,00,00,00
150964,0x1610FF50,0
151016,0x12F83130,1,00
151069,0xAF87170,3,00,00,00
151121,0xAF81111,2,40,40
151174,0x12F85050,4,00,00,00,00
151277,0xEF81430,1,00
151329,0x12F83130,1,00
151382,0x12F85050,4,00,00,00,00
151435,0xAF81111,2,40,00
151487,0x12F85050,4,00,00,00,00
151540,0xEF81430,1,00
151592,0x12F83130,1,00
151645,0xAF87170,3,00,00,00
151697,0x12F83210,1,00
151750,0xAF81111,2,40,00
151802,0x1610FF11,0
151854,0x1610FF70,0
151906,0xAF81111,2,00,00
151959,0xAF87170,3,00,00,00
152011,0x12F83210,1,00
152064,0x12F85050,4,00,00,00,00
152167,0xAF87070,2,00,00
152219,0xAF81111,2,00,00
152272,0xAF87170,3,00,00,00
152324,0x12F83210,1,00
152377,0x12F85050,4,00,00,00,00
152430,0xAF87070,2,00,00
152482,0xEF81430,1,00
152534,0xAF81111,2,00,00
152587,0xEF81510,1,00
152639,0x12F83210,1,00
152691,0x12F85050,4,00,00,00,00
152744,0xAF87070,2,00,00
152797,0x12F83130,1,00
152849,0xAF81111,2,40,00
152902,0x12F83210,1,00
152954,0x1610FF50,0
153006,0x12F85050,4,00,00,00,00
153059,0xEF81430,1,00
153111,0x12F83130,1,00
153163,0xAF87170,3,00,00,00
153216,0x12F83210,1,00
153269,0x12F85050,4,00,00,00,00
153372,0xEF81430,1,00
153424,0x12F83130,1,00
153476,0x12F85150,2,00,00
153529,0x12F83210,1,00
153581,0x12F85050,4,00,00,00,00
153634,0xEF81430,1,00
153686,0x12F85050,4,00,00,00,00
153739,0xAF87070,2,40,00
153792,0x12F83010,1,00
153844,0x12F83210,1,00
153896,0x12F85050,4,00,00,00,00
153949,0x1610FF50,0
154001,0x12F83130,1,00
154054,0xAF81111,2,00,00
154106,0x12F83210,1,00
154158,0x12F85050,4,00,00,00,00
154262,0xEF81430,1,00
154314,0x12F83130,1,00
154366,0xAF81111,2,00,00
154419,0x12F83210,1,00
154471,0x12F85050,4,00,00,00,00
154574,0xEF81430,1,00
154626,0x12F83130,1,00
154678,0x12F85150,2,00,00
154731,0x12F83210,1,00
154783,0x12F85050,4,00,00,00,00
154836,0xEF81430,1,00
154888,0x12F83130,1,00
154941,0xAF87070,2,00,00
154993,0x12F83210,1,00
155046,0xAF81111,2,40,20
155098,0x12F85050,4,00,00,00,00
155151,0xEF81430,1,00
155203,0x12F83130,1,00
155256,0xAF87170,3,00,00,00
155308,0x12F83210,1,00
155361,0xAF81111,2,40,08
155413,0x12F85050,4,00,00,00,00
155466,0xEF81430,1,00
155518,0x12F83130,1,00
155571,0xAF87170,3,00,00,00
155623,0x12F83210,1,00
155676,0xAF81111,2,40,20
155728,0x12F85050,4,00,00,00,00
155781,0xEF81430,1,00
155833,0x12F83130,1,00
155886,0x12F85050,4,00,00,00,00
155939,0xAF87070,2,40,00
155991,0x12F85050,4,00,00,00,00
156044,0x1610FF11,0
156096,0x12F83130,1,00
156149,0xAF87170,3,00,00,00
156201,0x12F83210,1,00
156254,0x12F85050,4,00,00,00,00
156307,0xAF87070,2,00,00
156359,0xAF81111,2,00,00
156412,0x12F83130,1,00
156464,0xAF87170,3,00,00,00
156517,0x12F83210,1,00
156569,0x12F85050,4,00,00,00,00
156622,0xAF87070,2,00,00
156674,0xAF81111,2,00,00
156727,0x12F83130,1,00
156779,0xEF81510,1,00
156831,0x12F83210,1,00
156884,0x12F85050,4,00,00,00,00
156937,0xAF87070,2,00,00
156989,0x12F83130,1,00
157041,0x1610FF10,0
157093,0x12F83210,1,00
157146,0x12F85050,4,00,00,00,00
157249,0xEF81430,1,00
157301,0x12F83130,1,00
157353,0xAF81111,2,40,00
157406,0x12F83210,1,00
157458,0x12F85050,4,00,00,00,00
157561,0xEF81430,1,00
157613,0x12F83130,1,00
157666,0xAF81111,2,40,00
157718,0x12F83210,1,00
157770,0x12F85050,4,00,00,00,00
157874,0xEF81430,1,00
157926,0x12F83130,1,00
157978,0x12F85150,2,40,00
158031,0x1610FF10,0
158083,0xAF81111,2,00,00
158135,0x12F85050,4,00,00,00,00
158188,0x12F85050,4,00,00,00,00
158241,0x12F83130,1,00
158294,0x12F83210,1,00
158346,0xAF81111,2,00,00
158398,0x12F85050,4,00,00,00,00
158451,0xEF81430,1,00
158504,0x12F83130,1,00
158556,0xAF87170,3,00,00,00
158609,0x12F83210,1,00
158661,0xAF81111,2,00,00
158713,0x12F85050,4,00,00,00,00
158766,0xEF81430,1,00
158819,0x12F85050,4,00,00,00,00
158872,0xAF87170,3,00,00,00
158924,0xAF87070,2,00,00
158977,0xAF81111,2,00,00
159029,0x12F85050,4,00,00,00,00
159082,0xEF81430,1,00
159135,0xAF81111,2,40,00
159187,0x12F83210,1,00
159239,0x12F85050,4,00,00,00,00
159293,0x12F85050,4,00,00,00,00
159346,0xEF81430,1,00
159398,0x12F85050,4,00,00,00,00
159451,0xAF81111,2,40,00
159503,0x12F85050,4,00,00,00,00
159556,0x12F85050,4,00,00,00,00
159660,0xEF81430,1,00
159712,0x12F85050,4,00,00,00,00
159765,0xAF87170,3,00,00,00
159818,0x12F85050,4,00,00,00,00
159871,0x12F85050,4,00,00,00,00
159974,0xEF81430,1,00
160026,0xAF81111,2,40,00
160079,0x12F85150,2,40,00
160131,0x1610FF11,0
160183,0x1610FF10,0
160235,0xAF81111,2,00,00
160287,0x12F83130,1,00
160340,0x12F85050,4,00,00,00,00
160393,0x12F85050,4,00,00,00,00
160446,0xAF87070,2,00,00
160498,0xAF81111,2,00,00
160551,0xEF81430,1,00
160603,0x12F85050,4,00,00,00,00
160656,0xAF87170,3,00,00,00
160709,0x12F85050,4,00,00,00,00
160762,0xAF87070,2,00,00
160815,0xAF81111,2,00,00
160867,0xEF81430,1,00
160919,0x12F85050,4,00,00,00,00
160972,0xEF81510,1,00
161024,0x12F85050,4,00,00,00,00
161078,0xAF87070,2,00,00
161130,0xAF81111,2,00,00
161182,0xEF81430,1,00
161235,0x12F85050,4,00,00,00,00
161288,0x12F83210,1,00
161340,0x12F85050,4,00,00,00,00
161393,0x12F85050,4,00,00,00,00
161446,0xAF87070,2,40,00
161499,0x12F85050,4,00,00,00,00
161552,0xAF87170,3,00,00,00
161605,0x12F85050,4,00,00,00,00
161658,0x12F85050,4,00,00,00,00
161711,0xAF87070,2,40,00
161763,0xAF81111,2,40,00
161816,0x12F85050,4,00,00,00,00
161869,0xAF87170,3,00,00,00
161921,0x12F85050,4,00,00,00,00
161975,0x1610FF10,0
162027,0x12F85050,4,00,00,00,00
162080,0xEF81430,1,00
162132,0x12F85050,4,00,00,00,00
162185,0x12F83010,1,00
162237,0xAF87070,2,00,00
162290,0xAF81111,2,00,00
162342,0x12F85050,4,00,00,00,00
162395,0x12F85050,4,00,00,00,00
162448,0xAF87170,3,00,00,00
162501,0x12F85050,4,00,00,00,00
162554,0xAF87070,2,00,00
162607,0x12F85050,4,00,00,00,00
162660,0x1610FF10,0
162712,0x12F85050,4,00,00,00,00
162765,0xAF87170,3,00,00,00
162818,0x12F85050,4,00,00,00,00
162871,0x12F85050,4,00,00,00,00
162924,0xAF87070,2,40,00
162976,0xEF81430,1,00
163029,0x12F85050,4,00,00,00,00
163082,0x12F85150,2,00,00
163134,0x12F85050,4,00,00,00,00
163187,0x12F85050,4,00,00,00,00
163240,0xAF87070,2,40,00
163293,0x12F85050,4,00,00,00,00
163346,0xAF87170,3,00,00,00
163399,0x12F85050,4,00,00,00,00
163452,0x1610FF70,0
163504,0x12F85050,4,00,00,00,00
163557,0xEF81430,1,00
163609,0x12F85050,4,00,00,00,00
163662,0xAF87170,3,00,00,00
163715,0x12F85050,4,00,00,00,00
163768,0xAF87070,2,00,00
163820,0xAF81111,2,00,00
163873,0xEF81430,1,00
163925,0x12F85050,4,00,00,00,00
163978,0x12F83010,1,00
164031,0x12F85050,4,00,00,00,00
164084,0xAF87070,2,00,00
164136,0xAF81111,2,00,00
164188,0x12F83130,1,00
164241,0x12F85050,4,00,00,00,00
164294,0x12F85050,4,00,00,00,00
164347,0x12F85050,4,00,00,00,00
164450,0xEF81430,1,00
164502,0x12F85050,4,00,00,00,00
164555,0xAF87070,2,40,00
164608,0x12F85050,4,00,00,00,00
164661,0x12F85050,4,00,00,00,00
164764,0xEF81430,1,00
164816,0x12F85050,4,00,00,00,00
164869,0xEF81510,1,00
164922,0x12F85050,4,00,00,00,00
164975,0x1610FF50,0
165027,0x12F85050,4,00,00,00,00
165080,0xEF81430,1,00
165132,0x12F85050,4,00,00,00,00
165185,0x12F85150,2,00,00
165238,0x12F85050,4,00,00,00,00
165291,0x12F85050,4,00,00,00,00
165344,0xAF87070,2,00,00
165396,0x12F85050,4,00,00,00,00
165449,0xAF87170,3,00,00,00
165502,0x12F85050,4,00,00,00,00
165555,0x12F85050,4,00,00,00,00
165608,0xAF87070,2,00,00
165661,0xAF81111,2,00,00
165713,0x12F85050,4,00,00,00,00
165766,0xAF87170,3,00,00,00
165819,0x12F85050,4,00,00,00,00
165872,0x12F85050,4,00,00,00,00
165925,0x1610FF10,0
165977,0xEF81430,1,00
166030,0x12F85050,4,00,00,00,00
166083,0x12F83010,1,00
166135,0x12F85050,4,00,00,00,00
166188,0x12F85050,4,00,00,00,00
166241,0xAF81111,2,40,00
166294,0x12F85050,4,00,00,00,00
166347,0xEF81510,1,00
166399,0x12F85050,4,00,00,00,00
166452,0x12F85050,4,00,00,00,00
166505,0xAF87070,2,40,00
166558,0xAF81111,2,40,00
166610,0x12F85050,4,00,00,00,00
166663,0xAF81111,2,00,00
166716,0x12F85050,4,00,00,00,00
166769,0x12F85050,4,00,00,00,00
166872,0xEF81430,1,00
166924,0x12F85050,4,00,00,00,00
166977,0x12F83010,1,00
167029,0x12F85050,4,00,00,00,00
167082,0x12F85050,4,00,00,00,00
167136,0xEF81430,1,00
167188,0x12F83130,1,00
167240,0xAF87070,2,00,00
167292,0x1610FF70,0
167345,0xAF81111,2,40,00
167397,0x12F85050,4,00,00,00,00
167450,0xEF81430,1,00
167502,0x12F85050,4,00,00,00,00
167555,0xEF81510,1,00
167608,0xAF87070,2,40,00
167660,0xAF81111,2,40,40
167712,0x12F85050,4,00,00,00,00
167766,0xEF81430,1,00
167818,0x12F85050,4,00,00,00,00
167871,0xAF87170,3,00,00,00
167924,0xAF81111,2,00,00
167976,0x1610FF50,0
168028,0x12F85050,4,00,00,00,00
168081,0xEF81430,1,00
168133,0x12F85050,4,00,00,00,00
168186,0x12F85150,2,40,00
168239,0xAF81111,2,00,00
168291,0x12F85050,4,00,00,00,00
168345,0xEF81430,1,00
168397,0x12F85050,4,00,00,00,00
168450,0xEF81510,1,00
168502,0x12F85050,4,00,00,00,00
168555,0xAF81111,2,00,00
168608,0x12F85050,4,00,00,00,00
168661,0x1610FF10,0
168713,0x12F85050,4,00,00,00,00
168766,0x12F81010,2,00,00
168818,0x12F85050,4,00,00,00,00
168871,0x12F85050,4,00,00,00,00
168925,0xAF87070,2,40,00
168977,0xEF81430,1,00
169029,0x12F85050,4,00,00,00,00
169082,0x12F83210,1,00
169135,0x12F85050,4,00,00,00,00
169188,0x12F85050,4,00,00,00,00
169241,0xAF81111,2,00,00
169293,0x12F83130,1,00
169346,0x12F85050,4,00,00,00,00
169399,0x12F85050,4,00,00,00,00
169452,0x12F85050,4,00,00,00,00
169505,0xAF87070,2,00,00
169557,0xAF81111,2,00,00
169610,0x12F85050,4,00,00,00,00
169663,0x12F81010,2,00,00
169715,0x12F85050,4,00,00,00,00
169768,0x1610FF70,0
169820,0x1610FF10,0
169872,0xEF81430,1,00
169925,0x12F85050,4,00,00,00,00
169978,0x12F83010,1,00
170030,0x12F85050,4,00,00,00,00
170083,0xAF87070,2,40,00
170136,0xAF81111,2,40,00
170188,0x12F83130,1,00
170240,0x12F85050,4,00,00,00,00
170293,0x1610FF10,0
170345,0xAF81111,2,00,00
170398,0x12F85050,4,00,00,00,00
170451,0xEF81430,1,00
170503,0x12F85050,4,00,00,00,00
170556,0xEF81510,1,00
170609,0x12F85050,4,00,00,00,00
170662,0xAF81111,2,00,00
170714,0x12F85050,4,00,00,00,00
170767,0xEF81430,1,00
170819,0xAF87070,2,40,00
170872,0x12F83010,1,00
170924,0x12F85050,4,00,00,00,00
170977,0x1610FF50,0
171029,0x12F85050,4,00,00,00,00
171082,0xEF81430,1,00
171135,0xAF87070,2,40,00
171187,0x12F85150,2,40,00
171240,0xAF87070,2,00,00
171292,0xAF81111,2,00,00
171344,0x12F85050,4,00,00,00,00
171398,0x12F85050,4,00,00,00,00
171451,0xEF81510,1,00
171503,0x12F85050,4,00,00,00,00
171556,0xAF87070,2,00,00
171608,0x12F85050,4,00,00,00,00
171661,0xEF81430,1,00
171714,0x12F85050,4,00,00,00,00
171767,0xAF87170,3,00,00,00
171820,0x12F85050,4,00,00,00,00
171873,0x12F85050,4,00,00,00,00
171926,0xEF81430,1,00
171978,0x12F83130,1,00
172030,0xAF87070,2,40,00
172083,0x12F83210,1,00
172135,0x12F85050,4,00,00,00,00
172188,0x12F85050,4,00,00,00,00
172241,0xEF81430,1,00
172293,0x12F83130,1,00
172346,0x12F85050,4,00,00,00,00
172399,0x12F85050,4,00,00,00,00
172452,0x12F85050,4,00,00,00,00
172555,0xEF81430,1,00
172607,0xAF81111,2,00,00
172660,0x12F81010,2,00,00
172712,0x12F85050,4,00,00,00,00
172765,0x12F85050,4,00,00,00,00
172818,0x1610FF70,0
172870,0xAF87070,2,40,00
172923,0x12F85050,4,00,00,00,00
172976,0x12F83210,1,00
173028,0x12F85050,4,00,00,00,00
173081,0x12F85050,4,00,00,00,00
173134,0xAF87070,2,40,00
173187,0x12F83130,1,00
173239,0x12F85050,4,00,00,00,00
173292,0x12F85150,2,40,00
173345,0x12F85050,4,00,00,00,00
173398,0x1610FF70,0
173450,0xAF81111,2,00,00
173502,0x12F85050,4,00,00,00,00
173555,0xEF81510,1,00
173608,0x12F85050,4,00,00,00,00
173661,0x12F85050,4,00,00,00,00
173714,0xAF87070,2,00,00
173766,0xAF81111,2,00,00
173819,0x12F85050,4,00,00,00,00
173872,0xAF87170,3,00,00,00
173925,0x1610FF10,0
173977,0x1610FF10,0
174029,0x12F85050,4,00,00,00,00
174082,0xEF81430,1,00
174134,0x12F85050,4,00,00,00,00
174187,0x12F83210,1,00
174239,0xAF87070,2,40,00
174292,0xAF81111,2,40,40
174344,0x12F85050,4,00,00,00,00
174397,0x12F83130,1,00
174450,0x1610FF10,0
174502,0x12F85050,4,00,00,00,00
174555,0x12F85050,4,00,00,00,00
174658,0xEF81430,1,00
174710,0xAF87070,2,00,00
174762,0x12F83010,1,00
174815,0x12F85050,4,00,00,00,00
174868,0x12F85050,4,00,00,00,00
174921,0x1610FF70,0
174973,0x1610FF10,0
175025,0x12F85050,4,00,00,00,00
175078,0x12F83210,1,00
175130,0x12F85050,4,00,00,00,00
175184,0x12F85050,4,00,00,00,00
175237,0xAF87070,2,40,00
175289,0x12F83130,1,00
175341,0x12F85050,4,00,00,00,00
175394,0x12F85150,2,40,00
175447,0x1610FF70,0
175499,0xAF81111,2,00,00
175551,0x12F85050,4,00,00,00,00
175605,0x12F85050,4,00,00,00,00
175658,0x12F81010,2,00,00
175710,0x12F85050,4,00,00,00,00
175763,0xAF87070,2,00,00
